<?xml version="1.1" encoding="UTF-8"?>
<linked-hash-map>
  <entry>
    <string>2</string>
    <Tag plugin="workflow-support@976.vb_d9493c2eb_09">
      <node class="org.jenkinsci.plugins.workflow.graph.FlowStartNode" plugin="workflow-api@1382.veca_a_efe062fa_">
        <parentIds/>
        <id>2</id>
      </node>
      <actions>
        <wf.a.TimingAction plugin="workflow-api@1382.veca_a_efe062fa_">
          <startTime>1755010601796</startTime>
        </wf.a.TimingAction>
      </actions>
    </Tag>
  </entry>
  <entry>
    <string>3</string>
    <Tag plugin="workflow-support@976.vb_d9493c2eb_09">
      <node class="cps.n.StepStartNode" plugin="workflow-cps@4177.vb_203fe395445">
        <parentIds>
          <string>2</string>
        </parentIds>
        <id>3</id>
        <descriptorId>org.jenkinsci.plugins.workflow.support.steps.ExecutorStep</descriptorId>
      </node>
      <actions>
        <s.a.LogStorageAction/>
        <wf.a.TimingAction plugin="workflow-api@1382.veca_a_efe062fa_">
          <startTime>1755010601977</startTime>
        </wf.a.TimingAction>
        <org.jenkinsci.plugins.workflow.support.steps.ExecutorStepExecution_-QueueItemActionImpl plugin="workflow-durable-task-step@1446.v3efd13441220">
          <id>9</id>
        </org.jenkinsci.plugins.workflow.support.steps.ExecutorStepExecution_-QueueItemActionImpl>
        <s.a.WorkspaceActionImpl>
          <node></node>
          <path>/var/lib/jenkins/workspace/DOT503</path>
          <labels class="sorted-set"/>
        </s.a.WorkspaceActionImpl>
      </actions>
    </Tag>
  </entry>
  <entry>
    <string>4</string>
    <Tag plugin="workflow-support@976.vb_d9493c2eb_09">
      <node class="cps.n.StepStartNode" plugin="workflow-cps@4177.vb_203fe395445">
        <parentIds>
          <string>3</string>
        </parentIds>
        <id>4</id>
        <descriptorId>org.jenkinsci.plugins.workflow.support.steps.ExecutorStep</descriptorId>
      </node>
      <actions>
        <wf.a.BodyInvocationAction plugin="workflow-api@1382.veca_a_efe062fa_"/>
        <wf.a.TimingAction plugin="workflow-api@1382.veca_a_efe062fa_">
          <startTime>1755010602019</startTime>
        </wf.a.TimingAction>
      </actions>
    </Tag>
  </entry>
  <entry>
    <string>5</string>
    <Tag plugin="workflow-support@976.vb_d9493c2eb_09">
      <node class="cps.n.StepStartNode" plugin="workflow-cps@4177.vb_203fe395445">
        <parentIds>
          <string>4</string>
        </parentIds>
        <id>5</id>
        <descriptorId>org.jenkinsci.plugins.workflow.support.steps.StageStep</descriptorId>
      </node>
      <actions>
        <s.a.LogStorageAction/>
        <cps.a.ArgumentsActionImpl plugin="workflow-cps@4177.vb_203fe395445">
          <arguments>
            <entry>
              <string>name</string>
              <string>Declarative: Checkout SCM</string>
            </entry>
          </arguments>
          <sensitiveVariables/>
          <isUnmodifiedBySanitization>true</isUnmodifiedBySanitization>
        </cps.a.ArgumentsActionImpl>
        <wf.a.TimingAction plugin="workflow-api@1382.veca_a_efe062fa_">
          <startTime>1755010602064</startTime>
        </wf.a.TimingAction>
      </actions>
    </Tag>
  </entry>
  <entry>
    <string>6</string>
    <Tag plugin="workflow-support@976.vb_d9493c2eb_09">
      <node class="cps.n.StepStartNode" plugin="workflow-cps@4177.vb_203fe395445">
        <parentIds>
          <string>5</string>
        </parentIds>
        <id>6</id>
        <descriptorId>org.jenkinsci.plugins.workflow.support.steps.StageStep</descriptorId>
      </node>
      <actions>
        <wf.a.BodyInvocationAction plugin="workflow-api@1382.veca_a_efe062fa_"/>
        <wf.a.LabelAction plugin="workflow-api@1382.veca_a_efe062fa_">
          <displayName>Declarative: Checkout SCM</displayName>
        </wf.a.LabelAction>
        <wf.a.TimingAction plugin="workflow-api@1382.veca_a_efe062fa_">
          <startTime>1755010602072</startTime>
        </wf.a.TimingAction>
        <wf.a.TagsAction plugin="workflow-api@1382.veca_a_efe062fa_">
          <tags>
            <entry>
              <string>SYNTHETIC_STAGE</string>
              <string>PRE</string>
            </entry>
          </tags>
        </wf.a.TagsAction>
      </actions>
    </Tag>
  </entry>
  <entry>
    <string>7</string>
    <Tag plugin="workflow-support@976.vb_d9493c2eb_09">
      <node class="cps.n.StepAtomNode" plugin="workflow-cps@4177.vb_203fe395445">
        <parentIds>
          <string>6</string>
        </parentIds>
        <id>7</id>
        <descriptorId>org.jenkinsci.plugins.workflow.steps.scm.GenericSCMStep</descriptorId>
      </node>
      <actions>
        <cps.a.ArgumentsActionImpl plugin="workflow-cps@4177.vb_203fe395445">
          <arguments>
            <entry>
              <string>scm</string>
              <org.jenkinsci.plugins.structs.describable.UninstantiatedDescribable plugin="structs@353.v261ea_40a_80fb_">
                <symbol>scmGit</symbol>
                <arguments class="tree-map">
                  <entry>
                    <string>branches</string>
                    <list>
                      <org.jenkinsci.plugins.structs.describable.UninstantiatedDescribable>
                        <arguments class="tree-map">
                          <entry>
                            <string>name</string>
                            <string>*/main</string>
                          </entry>
                        </arguments>
                        <model resolves-to="org.jenkinsci.plugins.structs.describable.DescribableModel$SerializedForm">
                          <type>hudson.plugins.git.BranchSpec</type>
                        </model>
                      </org.jenkinsci.plugins.structs.describable.UninstantiatedDescribable>
                    </list>
                  </entry>
                  <entry>
                    <string>extensions</string>
                    <list/>
                  </entry>
                  <entry>
                    <string>userRemoteConfigs</string>
                    <list>
                      <org.jenkinsci.plugins.structs.describable.UninstantiatedDescribable>
                        <arguments class="tree-map">
                          <entry>
                            <string>url</string>
                            <string>https://github.com/kevgum/assignment.git</string>
                          </entry>
                        </arguments>
                        <model resolves-to="org.jenkinsci.plugins.structs.describable.DescribableModel$SerializedForm">
                          <type>hudson.plugins.git.UserRemoteConfig</type>
                        </model>
                      </org.jenkinsci.plugins.structs.describable.UninstantiatedDescribable>
                    </list>
                  </entry>
                </arguments>
                <model resolves-to="org.jenkinsci.plugins.structs.describable.DescribableModel$SerializedForm">
                  <type>hudson.plugins.git.GitSCM</type>
                </model>
              </org.jenkinsci.plugins.structs.describable.UninstantiatedDescribable>
            </entry>
          </arguments>
          <sensitiveVariables/>
          <isUnmodifiedBySanitization>true</isUnmodifiedBySanitization>
        </cps.a.ArgumentsActionImpl>
        <wf.a.TimingAction plugin="workflow-api@1382.veca_a_efe062fa_">
          <startTime>1755010602121</startTime>
        </wf.a.TimingAction>
        <s.a.LogStorageAction/>
      </actions>
    </Tag>
  </entry>
  <entry>
    <string>8</string>
    <Tag plugin="workflow-support@976.vb_d9493c2eb_09">
      <node class="cps.n.StepEndNode" plugin="workflow-cps@4177.vb_203fe395445">
        <parentIds>
          <string>7</string>
        </parentIds>
        <id>8</id>
        <startId>6</startId>
      </node>
      <actions>
        <wf.a.BodyInvocationAction plugin="workflow-api@1382.veca_a_efe062fa_"/>
        <wf.a.TimingAction plugin="workflow-api@1382.veca_a_efe062fa_">
          <startTime>1755010603898</startTime>
        </wf.a.TimingAction>
      </actions>
    </Tag>
  </entry>
  <entry>
    <string>9</string>
    <Tag plugin="workflow-support@976.vb_d9493c2eb_09">
      <node class="cps.n.StepEndNode" plugin="workflow-cps@4177.vb_203fe395445">
        <parentIds>
          <string>8</string>
        </parentIds>
        <id>9</id>
        <startId>5</startId>
      </node>
      <actions>
        <wf.a.TimingAction plugin="workflow-api@1382.veca_a_efe062fa_">
          <startTime>1755010603931</startTime>
        </wf.a.TimingAction>
      </actions>
    </Tag>
  </entry>
  <entry>
    <string>10</string>
    <Tag plugin="workflow-support@976.vb_d9493c2eb_09">
      <node class="cps.n.StepStartNode" plugin="workflow-cps@4177.vb_203fe395445">
        <parentIds>
          <string>9</string>
        </parentIds>
        <id>10</id>
        <descriptorId>org.jenkinsci.plugins.workflow.steps.EnvStep</descriptorId>
      </node>
      <actions>
        <s.a.LogStorageAction/>
        <cps.a.ArgumentsActionImpl plugin="workflow-cps@4177.vb_203fe395445">
          <arguments>
            <entry>
              <string>overrides</string>
              <list>
                <string>GIT_BRANCH=origin/main</string>
                <string>GIT_COMMIT=9ee14ec97ecdc6e2f04298a8ee4d4e53b3ba11b5</string>
                <string>GIT_PREVIOUS_COMMIT=85cd975062741e75bcc817f0a6525c4c392a4420</string>
                <string>GIT_PREVIOUS_SUCCESSFUL_COMMIT=85cd975062741e75bcc817f0a6525c4c392a4420</string>
                <string>GIT_URL=https://github.com/kevgum/assignment.git</string>
              </list>
            </entry>
          </arguments>
          <sensitiveVariables/>
          <isUnmodifiedBySanitization>true</isUnmodifiedBySanitization>
        </cps.a.ArgumentsActionImpl>
        <wf.a.TimingAction plugin="workflow-api@1382.veca_a_efe062fa_">
          <startTime>1755010603970</startTime>
        </wf.a.TimingAction>
      </actions>
    </Tag>
  </entry>
  <entry>
    <string>11</string>
    <Tag plugin="workflow-support@976.vb_d9493c2eb_09">
      <node class="cps.n.StepStartNode" plugin="workflow-cps@4177.vb_203fe395445">
        <parentIds>
          <string>10</string>
        </parentIds>
        <id>11</id>
        <descriptorId>org.jenkinsci.plugins.workflow.steps.EnvStep</descriptorId>
      </node>
      <actions>
        <wf.a.BodyInvocationAction plugin="workflow-api@1382.veca_a_efe062fa_"/>
        <wf.a.TimingAction plugin="workflow-api@1382.veca_a_efe062fa_">
          <startTime>1755010603980</startTime>
        </wf.a.TimingAction>
      </actions>
    </Tag>
  </entry>
  <entry>
    <string>12</string>
    <Tag plugin="workflow-support@976.vb_d9493c2eb_09">
      <node class="cps.n.StepStartNode" plugin="workflow-cps@4177.vb_203fe395445">
        <parentIds>
          <string>11</string>
        </parentIds>
        <id>12</id>
        <descriptorId>org.jenkinsci.plugins.workflow.steps.EnvStep</descriptorId>
      </node>
      <actions>
        <s.a.LogStorageAction/>
        <cps.a.ArgumentsActionImpl plugin="workflow-cps@4177.vb_203fe395445">
          <arguments>
            <entry>
              <string>overrides</string>
              <list>
                <string>PIP_CACHE_DIR=/var/lib/jenkins/workspace/DOT503/.pip-cache</string>
                <string>PYTHON_VERSION=3.11</string>
              </list>
            </entry>
          </arguments>
          <sensitiveVariables/>
          <isUnmodifiedBySanitization>true</isUnmodifiedBySanitization>
        </cps.a.ArgumentsActionImpl>
        <wf.a.TimingAction plugin="workflow-api@1382.veca_a_efe062fa_">
          <startTime>1755010604045</startTime>
        </wf.a.TimingAction>
      </actions>
    </Tag>
  </entry>
  <entry>
    <string>13</string>
    <Tag plugin="workflow-support@976.vb_d9493c2eb_09">
      <node class="cps.n.StepStartNode" plugin="workflow-cps@4177.vb_203fe395445">
        <parentIds>
          <string>12</string>
        </parentIds>
        <id>13</id>
        <descriptorId>org.jenkinsci.plugins.workflow.steps.EnvStep</descriptorId>
      </node>
      <actions>
        <wf.a.BodyInvocationAction plugin="workflow-api@1382.veca_a_efe062fa_"/>
        <wf.a.TimingAction plugin="workflow-api@1382.veca_a_efe062fa_">
          <startTime>1755010604055</startTime>
        </wf.a.TimingAction>
      </actions>
    </Tag>
  </entry>
  <entry>
    <string>14</string>
    <Tag plugin="workflow-support@976.vb_d9493c2eb_09">
      <node class="cps.n.StepStartNode" plugin="workflow-cps@4177.vb_203fe395445">
        <parentIds>
          <string>13</string>
        </parentIds>
        <id>14</id>
        <descriptorId>org.jenkinsci.plugins.workflow.support.steps.StageStep</descriptorId>
      </node>
      <actions>
        <s.a.LogStorageAction/>
        <cps.a.ArgumentsActionImpl plugin="workflow-cps@4177.vb_203fe395445">
          <arguments>
            <entry>
              <string>name</string>
              <string>Checkout</string>
            </entry>
          </arguments>
          <sensitiveVariables/>
          <isUnmodifiedBySanitization>true</isUnmodifiedBySanitization>
        </cps.a.ArgumentsActionImpl>
        <wf.a.TimingAction plugin="workflow-api@1382.veca_a_efe062fa_">
          <startTime>1755010604103</startTime>
        </wf.a.TimingAction>
      </actions>
    </Tag>
  </entry>
  <entry>
    <string>15</string>
    <Tag plugin="workflow-support@976.vb_d9493c2eb_09">
      <node class="cps.n.StepStartNode" plugin="workflow-cps@4177.vb_203fe395445">
        <parentIds>
          <string>14</string>
        </parentIds>
        <id>15</id>
        <descriptorId>org.jenkinsci.plugins.workflow.support.steps.StageStep</descriptorId>
      </node>
      <actions>
        <wf.a.BodyInvocationAction plugin="workflow-api@1382.veca_a_efe062fa_"/>
        <wf.a.LabelAction plugin="workflow-api@1382.veca_a_efe062fa_">
          <displayName>Checkout</displayName>
        </wf.a.LabelAction>
        <wf.a.TimingAction plugin="workflow-api@1382.veca_a_efe062fa_">
          <startTime>1755010604112</startTime>
        </wf.a.TimingAction>
      </actions>
    </Tag>
  </entry>
  <entry>
    <string>16</string>
    <Tag plugin="workflow-support@976.vb_d9493c2eb_09">
      <node class="cps.n.StepAtomNode" plugin="workflow-cps@4177.vb_203fe395445">
        <parentIds>
          <string>15</string>
        </parentIds>
        <id>16</id>
        <descriptorId>org.jenkinsci.plugins.workflow.steps.EchoStep</descriptorId>
      </node>
      <actions>
        <cps.a.ArgumentsActionImpl plugin="workflow-cps@4177.vb_203fe395445">
          <arguments>
            <entry>
              <string>message</string>
              <string>Checking out source code...</string>
            </entry>
          </arguments>
          <sensitiveVariables/>
          <isUnmodifiedBySanitization>true</isUnmodifiedBySanitization>
        </cps.a.ArgumentsActionImpl>
        <wf.a.TimingAction plugin="workflow-api@1382.veca_a_efe062fa_">
          <startTime>1755010604155</startTime>
        </wf.a.TimingAction>
        <s.a.LogStorageAction/>
      </actions>
    </Tag>
  </entry>
  <entry>
    <string>17</string>
    <Tag plugin="workflow-support@976.vb_d9493c2eb_09">
      <node class="cps.n.StepAtomNode" plugin="workflow-cps@4177.vb_203fe395445">
        <parentIds>
          <string>16</string>
        </parentIds>
        <id>17</id>
        <descriptorId>org.jenkinsci.plugins.workflow.steps.scm.GenericSCMStep</descriptorId>
      </node>
      <actions>
        <cps.a.ArgumentsActionImpl plugin="workflow-cps@4177.vb_203fe395445">
          <arguments>
            <entry>
              <string>scm</string>
              <org.jenkinsci.plugins.structs.describable.UninstantiatedDescribable plugin="structs@353.v261ea_40a_80fb_">
                <symbol>scmGit</symbol>
                <arguments class="tree-map">
                  <entry>
                    <string>branches</string>
                    <list>
                      <org.jenkinsci.plugins.structs.describable.UninstantiatedDescribable>
                        <arguments class="tree-map">
                          <entry>
                            <string>name</string>
                            <string>*/main</string>
                          </entry>
                        </arguments>
                        <model resolves-to="org.jenkinsci.plugins.structs.describable.DescribableModel$SerializedForm">
                          <type>hudson.plugins.git.BranchSpec</type>
                        </model>
                      </org.jenkinsci.plugins.structs.describable.UninstantiatedDescribable>
                    </list>
                  </entry>
                  <entry>
                    <string>extensions</string>
                    <list/>
                  </entry>
                  <entry>
                    <string>userRemoteConfigs</string>
                    <list>
                      <org.jenkinsci.plugins.structs.describable.UninstantiatedDescribable>
                        <arguments class="tree-map">
                          <entry>
                            <string>url</string>
                            <string>https://github.com/kevgum/assignment.git</string>
                          </entry>
                        </arguments>
                        <model resolves-to="org.jenkinsci.plugins.structs.describable.DescribableModel$SerializedForm">
                          <type>hudson.plugins.git.UserRemoteConfig</type>
                        </model>
                      </org.jenkinsci.plugins.structs.describable.UninstantiatedDescribable>
                    </list>
                  </entry>
                </arguments>
                <model reference="../../../../../../../../entry[6]/Tag/actions/cps.a.ArgumentsActionImpl/arguments/entry/org.jenkinsci.plugins.structs.describable.UninstantiatedDescribable/model"/>
              </org.jenkinsci.plugins.structs.describable.UninstantiatedDescribable>
            </entry>
          </arguments>
          <sensitiveVariables/>
          <isUnmodifiedBySanitization>true</isUnmodifiedBySanitization>
        </cps.a.ArgumentsActionImpl>
        <wf.a.TimingAction plugin="workflow-api@1382.veca_a_efe062fa_">
          <startTime>1755010604183</startTime>
        </wf.a.TimingAction>
        <s.a.LogStorageAction/>
      </actions>
    </Tag>
  </entry>
  <entry>
    <string>18</string>
    <Tag plugin="workflow-support@976.vb_d9493c2eb_09">
      <node class="cps.n.StepEndNode" plugin="workflow-cps@4177.vb_203fe395445">
        <parentIds>
          <string>17</string>
        </parentIds>
        <id>18</id>
        <startId>15</startId>
      </node>
      <actions>
        <wf.a.BodyInvocationAction plugin="workflow-api@1382.veca_a_efe062fa_"/>
        <wf.a.TimingAction plugin="workflow-api@1382.veca_a_efe062fa_">
          <startTime>1755010605145</startTime>
        </wf.a.TimingAction>
      </actions>
    </Tag>
  </entry>
  <entry>
    <string>19</string>
    <Tag plugin="workflow-support@976.vb_d9493c2eb_09">
      <node class="cps.n.StepEndNode" plugin="workflow-cps@4177.vb_203fe395445">
        <parentIds>
          <string>18</string>
        </parentIds>
        <id>19</id>
        <startId>14</startId>
      </node>
      <actions>
        <wf.a.TimingAction plugin="workflow-api@1382.veca_a_efe062fa_">
          <startTime>1755010605179</startTime>
        </wf.a.TimingAction>
      </actions>
    </Tag>
  </entry>
  <entry>
    <string>20</string>
    <Tag plugin="workflow-support@976.vb_d9493c2eb_09">
      <node class="cps.n.StepStartNode" plugin="workflow-cps@4177.vb_203fe395445">
        <parentIds>
          <string>19</string>
        </parentIds>
        <id>20</id>
        <descriptorId>org.jenkinsci.plugins.workflow.support.steps.StageStep</descriptorId>
      </node>
      <actions>
        <s.a.LogStorageAction/>
        <cps.a.ArgumentsActionImpl plugin="workflow-cps@4177.vb_203fe395445">
          <arguments>
            <entry>
              <string>name</string>
              <string>Setup Environment</string>
            </entry>
          </arguments>
          <sensitiveVariables/>
          <isUnmodifiedBySanitization>true</isUnmodifiedBySanitization>
        </cps.a.ArgumentsActionImpl>
        <wf.a.TimingAction plugin="workflow-api@1382.veca_a_efe062fa_">
          <startTime>1755010605216</startTime>
        </wf.a.TimingAction>
      </actions>
    </Tag>
  </entry>
  <entry>
    <string>21</string>
    <Tag plugin="workflow-support@976.vb_d9493c2eb_09">
      <node class="cps.n.StepStartNode" plugin="workflow-cps@4177.vb_203fe395445">
        <parentIds>
          <string>20</string>
        </parentIds>
        <id>21</id>
        <descriptorId>org.jenkinsci.plugins.workflow.support.steps.StageStep</descriptorId>
      </node>
      <actions>
        <wf.a.BodyInvocationAction plugin="workflow-api@1382.veca_a_efe062fa_"/>
        <wf.a.LabelAction plugin="workflow-api@1382.veca_a_efe062fa_">
          <displayName>Setup Environment</displayName>
        </wf.a.LabelAction>
        <wf.a.TimingAction plugin="workflow-api@1382.veca_a_efe062fa_">
          <startTime>1755010605225</startTime>
        </wf.a.TimingAction>
      </actions>
    </Tag>
  </entry>
  <entry>
    <string>22</string>
    <Tag plugin="workflow-support@976.vb_d9493c2eb_09">
      <node class="cps.n.StepAtomNode" plugin="workflow-cps@4177.vb_203fe395445">
        <parentIds>
          <string>21</string>
        </parentIds>
        <id>22</id>
        <descriptorId>org.jenkinsci.plugins.workflow.steps.EchoStep</descriptorId>
      </node>
      <actions>
        <cps.a.ArgumentsActionImpl plugin="workflow-cps@4177.vb_203fe395445">
          <arguments>
            <entry>
              <string>message</string>
              <string>Setting up Python environment...</string>
            </entry>
          </arguments>
          <sensitiveVariables/>
          <isUnmodifiedBySanitization>true</isUnmodifiedBySanitization>
        </cps.a.ArgumentsActionImpl>
        <wf.a.TimingAction plugin="workflow-api@1382.veca_a_efe062fa_">
          <startTime>1755010605263</startTime>
        </wf.a.TimingAction>
        <s.a.LogStorageAction/>
      </actions>
    </Tag>
  </entry>
  <entry>
    <string>23</string>
    <Tag plugin="workflow-support@976.vb_d9493c2eb_09">
      <node class="cps.n.StepStartNode" plugin="workflow-cps@4177.vb_203fe395445">
        <parentIds>
          <string>22</string>
        </parentIds>
        <id>23</id>
        <descriptorId>org.jenkinsci.plugins.pipeline.modeldefinition.steps.ScriptStep</descriptorId>
      </node>
      <actions>
        <s.a.LogStorageAction/>
        <wf.a.TimingAction plugin="workflow-api@1382.veca_a_efe062fa_">
          <startTime>1755010605290</startTime>
        </wf.a.TimingAction>
      </actions>
    </Tag>
  </entry>
  <entry>
    <string>24</string>
    <Tag plugin="workflow-support@976.vb_d9493c2eb_09">
      <node class="cps.n.StepStartNode" plugin="workflow-cps@4177.vb_203fe395445">
        <parentIds>
          <string>23</string>
        </parentIds>
        <id>24</id>
        <descriptorId>org.jenkinsci.plugins.pipeline.modeldefinition.steps.ScriptStep</descriptorId>
      </node>
      <actions>
        <wf.a.BodyInvocationAction plugin="workflow-api@1382.veca_a_efe062fa_"/>
        <wf.a.TimingAction plugin="workflow-api@1382.veca_a_efe062fa_">
          <startTime>1755010605301</startTime>
        </wf.a.TimingAction>
      </actions>
    </Tag>
  </entry>
  <entry>
    <string>25</string>
    <Tag plugin="workflow-support@976.vb_d9493c2eb_09">
      <node class="cps.n.StepAtomNode" plugin="workflow-cps@4177.vb_203fe395445">
        <parentIds>
          <string>24</string>
        </parentIds>
        <id>25</id>
        <descriptorId>org.jenkinsci.plugins.workflow.steps.IsUnixStep</descriptorId>
      </node>
      <actions>
        <wf.a.TimingAction plugin="workflow-api@1382.veca_a_efe062fa_">
          <startTime>1755010605328</startTime>
        </wf.a.TimingAction>
        <s.a.LogStorageAction/>
      </actions>
    </Tag>
  </entry>
  <entry>
    <string>26</string>
    <Tag plugin="workflow-support@976.vb_d9493c2eb_09">
      <node class="cps.n.StepAtomNode" plugin="workflow-cps@4177.vb_203fe395445">
        <parentIds>
          <string>25</string>
        </parentIds>
        <id>26</id>
        <descriptorId>org.jenkinsci.plugins.workflow.steps.durable_task.ShellStep</descriptorId>
      </node>
      <actions>
        <cps.a.ArgumentsActionImpl plugin="workflow-cps@4177.vb_203fe395445">
          <arguments>
            <entry>
              <string>script</string>
              <string>
                            python3 --version
                            # Install pip if not available
                            if ! command -v pip3 &amp;&gt; /dev/null; then
                                echo &quot;Installing pip3...&quot;
                                sudo dnf install -y python3-pip
                            fi
                            pip3 --version
                            pip3 install --user -r requirements.txt
                        </string>
            </entry>
          </arguments>
          <sensitiveVariables/>
          <isUnmodifiedBySanitization>true</isUnmodifiedBySanitization>
        </cps.a.ArgumentsActionImpl>
        <wf.a.TimingAction plugin="workflow-api@1382.veca_a_efe062fa_">
          <startTime>1755010605354</startTime>
        </wf.a.TimingAction>
        <s.a.LogStorageAction/>
      </actions>
    </Tag>
  </entry>
  <entry>
    <string>27</string>
    <Tag plugin="workflow-support@976.vb_d9493c2eb_09">
      <node class="cps.n.StepEndNode" plugin="workflow-cps@4177.vb_203fe395445">
        <parentIds>
          <string>26</string>
        </parentIds>
        <id>27</id>
        <startId>24</startId>
      </node>
      <actions>
        <wf.a.BodyInvocationAction plugin="workflow-api@1382.veca_a_efe062fa_"/>
        <wf.a.TimingAction plugin="workflow-api@1382.veca_a_efe062fa_">
          <startTime>1755010606427</startTime>
        </wf.a.TimingAction>
      </actions>
    </Tag>
  </entry>
  <entry>
    <string>28</string>
    <Tag plugin="workflow-support@976.vb_d9493c2eb_09">
      <node class="cps.n.StepEndNode" plugin="workflow-cps@4177.vb_203fe395445">
        <parentIds>
          <string>27</string>
        </parentIds>
        <id>28</id>
        <startId>23</startId>
      </node>
      <actions>
        <wf.a.TimingAction plugin="workflow-api@1382.veca_a_efe062fa_">
          <startTime>1755010606485</startTime>
        </wf.a.TimingAction>
      </actions>
    </Tag>
  </entry>
  <entry>
    <string>29</string>
    <Tag plugin="workflow-support@976.vb_d9493c2eb_09">
      <node class="cps.n.StepEndNode" plugin="workflow-cps@4177.vb_203fe395445">
        <parentIds>
          <string>28</string>
        </parentIds>
        <id>29</id>
        <startId>21</startId>
      </node>
      <actions>
        <wf.a.BodyInvocationAction plugin="workflow-api@1382.veca_a_efe062fa_"/>
        <wf.a.TimingAction plugin="workflow-api@1382.veca_a_efe062fa_">
          <startTime>1755010606509</startTime>
        </wf.a.TimingAction>
      </actions>
    </Tag>
  </entry>
  <entry>
    <string>30</string>
    <Tag plugin="workflow-support@976.vb_d9493c2eb_09">
      <node class="cps.n.StepEndNode" plugin="workflow-cps@4177.vb_203fe395445">
        <parentIds>
          <string>29</string>
        </parentIds>
        <id>30</id>
        <startId>20</startId>
      </node>
      <actions>
        <wf.a.TimingAction plugin="workflow-api@1382.veca_a_efe062fa_">
          <startTime>1755010606559</startTime>
        </wf.a.TimingAction>
      </actions>
    </Tag>
  </entry>
  <entry>
    <string>31</string>
    <Tag plugin="workflow-support@976.vb_d9493c2eb_09">
      <node class="cps.n.StepStartNode" plugin="workflow-cps@4177.vb_203fe395445">
        <parentIds>
          <string>30</string>
        </parentIds>
        <id>31</id>
        <descriptorId>org.jenkinsci.plugins.workflow.support.steps.StageStep</descriptorId>
      </node>
      <actions>
        <s.a.LogStorageAction/>
        <cps.a.ArgumentsActionImpl plugin="workflow-cps@4177.vb_203fe395445">
          <arguments>
            <entry>
              <string>name</string>
              <string>Compile</string>
            </entry>
          </arguments>
          <sensitiveVariables/>
          <isUnmodifiedBySanitization>true</isUnmodifiedBySanitization>
        </cps.a.ArgumentsActionImpl>
        <wf.a.TimingAction plugin="workflow-api@1382.veca_a_efe062fa_">
          <startTime>1755010606604</startTime>
        </wf.a.TimingAction>
      </actions>
    </Tag>
  </entry>
  <entry>
    <string>32</string>
    <Tag plugin="workflow-support@976.vb_d9493c2eb_09">
      <node class="cps.n.StepStartNode" plugin="workflow-cps@4177.vb_203fe395445">
        <parentIds>
          <string>31</string>
        </parentIds>
        <id>32</id>
        <descriptorId>org.jenkinsci.plugins.workflow.support.steps.StageStep</descriptorId>
      </node>
      <actions>
        <wf.a.BodyInvocationAction plugin="workflow-api@1382.veca_a_efe062fa_"/>
        <wf.a.LabelAction plugin="workflow-api@1382.veca_a_efe062fa_">
          <displayName>Compile</displayName>
        </wf.a.LabelAction>
        <wf.a.TimingAction plugin="workflow-api@1382.veca_a_efe062fa_">
          <startTime>1755010606615</startTime>
        </wf.a.TimingAction>
      </actions>
    </Tag>
  </entry>
  <entry>
    <string>33</string>
    <Tag plugin="workflow-support@976.vb_d9493c2eb_09">
      <node class="cps.n.StepAtomNode" plugin="workflow-cps@4177.vb_203fe395445">
        <parentIds>
          <string>32</string>
        </parentIds>
        <id>33</id>
        <descriptorId>org.jenkinsci.plugins.workflow.steps.EchoStep</descriptorId>
      </node>
      <actions>
        <cps.a.ArgumentsActionImpl plugin="workflow-cps@4177.vb_203fe395445">
          <arguments>
            <entry>
              <string>message</string>
              <string>Compiling Python code...</string>
            </entry>
          </arguments>
          <sensitiveVariables/>
          <isUnmodifiedBySanitization>true</isUnmodifiedBySanitization>
        </cps.a.ArgumentsActionImpl>
        <wf.a.TimingAction plugin="workflow-api@1382.veca_a_efe062fa_">
          <startTime>1755010606676</startTime>
        </wf.a.TimingAction>
        <s.a.LogStorageAction/>
      </actions>
    </Tag>
  </entry>
  <entry>
    <string>34</string>
    <Tag plugin="workflow-support@976.vb_d9493c2eb_09">
      <node class="cps.n.StepStartNode" plugin="workflow-cps@4177.vb_203fe395445">
        <parentIds>
          <string>33</string>
        </parentIds>
        <id>34</id>
        <descriptorId>org.jenkinsci.plugins.pipeline.modeldefinition.steps.ScriptStep</descriptorId>
      </node>
      <actions>
        <s.a.LogStorageAction/>
        <wf.a.TimingAction plugin="workflow-api@1382.veca_a_efe062fa_">
          <startTime>1755010606704</startTime>
        </wf.a.TimingAction>
      </actions>
    </Tag>
  </entry>
  <entry>
    <string>35</string>
    <Tag plugin="workflow-support@976.vb_d9493c2eb_09">
      <node class="cps.n.StepStartNode" plugin="workflow-cps@4177.vb_203fe395445">
        <parentIds>
          <string>34</string>
        </parentIds>
        <id>35</id>
        <descriptorId>org.jenkinsci.plugins.pipeline.modeldefinition.steps.ScriptStep</descriptorId>
      </node>
      <actions>
        <wf.a.BodyInvocationAction plugin="workflow-api@1382.veca_a_efe062fa_"/>
        <wf.a.TimingAction plugin="workflow-api@1382.veca_a_efe062fa_">
          <startTime>1755010606715</startTime>
        </wf.a.TimingAction>
      </actions>
    </Tag>
  </entry>
  <entry>
    <string>36</string>
    <Tag plugin="workflow-support@976.vb_d9493c2eb_09">
      <node class="cps.n.StepAtomNode" plugin="workflow-cps@4177.vb_203fe395445">
        <parentIds>
          <string>35</string>
        </parentIds>
        <id>36</id>
        <descriptorId>org.jenkinsci.plugins.workflow.steps.IsUnixStep</descriptorId>
      </node>
      <actions>
        <wf.a.TimingAction plugin="workflow-api@1382.veca_a_efe062fa_">
          <startTime>1755010606744</startTime>
        </wf.a.TimingAction>
        <s.a.LogStorageAction/>
      </actions>
    </Tag>
  </entry>
  <entry>
    <string>37</string>
    <Tag plugin="workflow-support@976.vb_d9493c2eb_09">
      <node class="cps.n.StepAtomNode" plugin="workflow-cps@4177.vb_203fe395445">
        <parentIds>
          <string>36</string>
        </parentIds>
        <id>37</id>
        <descriptorId>org.jenkinsci.plugins.workflow.steps.durable_task.ShellStep</descriptorId>
      </node>
      <actions>
        <cps.a.ArgumentsActionImpl plugin="workflow-cps@4177.vb_203fe395445">
          <arguments>
            <entry>
              <string>script</string>
              <string>
                            # Try Maven first, fallback to Python compilation
                            if command -v mvn &amp;&gt; /dev/null; then
                                echo &quot;Using Maven...&quot;
                                mvn clean compile
                            elif [ -f &quot;mvnw&quot; ]; then
                                echo &quot;Using Maven wrapper...&quot;
                                chmod +x ./mvnw
                                ./mvnw clean compile
                            else
                                echo &quot;Maven not available, using Python compilation...&quot;
                                python3 -m py_compile hotel.py
                                echo &quot;Python code compiled successfully&quot;
                            fi
                        </string>
            </entry>
          </arguments>
          <sensitiveVariables/>
          <isUnmodifiedBySanitization>true</isUnmodifiedBySanitization>
        </cps.a.ArgumentsActionImpl>
        <wf.a.TimingAction plugin="workflow-api@1382.veca_a_efe062fa_">
          <startTime>1755010606774</startTime>
        </wf.a.TimingAction>
        <s.a.LogStorageAction/>
      </actions>
    </Tag>
  </entry>
  <entry>
    <string>38</string>
    <Tag plugin="workflow-support@976.vb_d9493c2eb_09">
      <node class="cps.n.StepEndNode" plugin="workflow-cps@4177.vb_203fe395445">
        <parentIds>
          <string>37</string>
        </parentIds>
        <id>38</id>
        <startId>35</startId>
      </node>
      <actions>
        <wf.a.BodyInvocationAction plugin="workflow-api@1382.veca_a_efe062fa_"/>
        <wf.a.TimingAction plugin="workflow-api@1382.veca_a_efe062fa_">
          <startTime>1755010608366</startTime>
        </wf.a.TimingAction>
      </actions>
    </Tag>
  </entry>
  <entry>
    <string>39</string>
    <Tag plugin="workflow-support@976.vb_d9493c2eb_09">
      <node class="cps.n.StepEndNode" plugin="workflow-cps@4177.vb_203fe395445">
        <parentIds>
          <string>38</string>
        </parentIds>
        <id>39</id>
        <startId>34</startId>
      </node>
      <actions>
        <wf.a.TimingAction plugin="workflow-api@1382.veca_a_efe062fa_">
          <startTime>1755010608411</startTime>
        </wf.a.TimingAction>
      </actions>
    </Tag>
  </entry>
  <entry>
    <string>40</string>
    <Tag plugin="workflow-support@976.vb_d9493c2eb_09">
      <node class="cps.n.StepEndNode" plugin="workflow-cps@4177.vb_203fe395445">
        <parentIds>
          <string>39</string>
        </parentIds>
        <id>40</id>
        <startId>32</startId>
      </node>
      <actions>
        <wf.a.BodyInvocationAction plugin="workflow-api@1382.veca_a_efe062fa_"/>
        <wf.a.TimingAction plugin="workflow-api@1382.veca_a_efe062fa_">
          <startTime>1755010608436</startTime>
        </wf.a.TimingAction>
      </actions>
    </Tag>
  </entry>
  <entry>
    <string>41</string>
    <Tag plugin="workflow-support@976.vb_d9493c2eb_09">
      <node class="cps.n.StepEndNode" plugin="workflow-cps@4177.vb_203fe395445">
        <parentIds>
          <string>40</string>
        </parentIds>
        <id>41</id>
        <startId>31</startId>
      </node>
      <actions>
        <wf.a.TimingAction plugin="workflow-api@1382.veca_a_efe062fa_">
          <startTime>1755010608481</startTime>
        </wf.a.TimingAction>
      </actions>
    </Tag>
  </entry>
  <entry>
    <string>42</string>
    <Tag plugin="workflow-support@976.vb_d9493c2eb_09">
      <node class="cps.n.StepStartNode" plugin="workflow-cps@4177.vb_203fe395445">
        <parentIds>
          <string>41</string>
        </parentIds>
        <id>42</id>
        <descriptorId>org.jenkinsci.plugins.workflow.support.steps.StageStep</descriptorId>
      </node>
      <actions>
        <s.a.LogStorageAction/>
        <cps.a.ArgumentsActionImpl plugin="workflow-cps@4177.vb_203fe395445">
          <arguments>
            <entry>
              <string>name</string>
              <string>Test</string>
            </entry>
          </arguments>
          <sensitiveVariables/>
          <isUnmodifiedBySanitization>true</isUnmodifiedBySanitization>
        </cps.a.ArgumentsActionImpl>
        <wf.a.TimingAction plugin="workflow-api@1382.veca_a_efe062fa_">
          <startTime>1755010608520</startTime>
        </wf.a.TimingAction>
      </actions>
    </Tag>
  </entry>
  <entry>
    <string>43</string>
    <Tag plugin="workflow-support@976.vb_d9493c2eb_09">
      <node class="cps.n.StepStartNode" plugin="workflow-cps@4177.vb_203fe395445">
        <parentIds>
          <string>42</string>
        </parentIds>
        <id>43</id>
        <descriptorId>org.jenkinsci.plugins.workflow.support.steps.StageStep</descriptorId>
      </node>
      <actions>
        <wf.a.BodyInvocationAction plugin="workflow-api@1382.veca_a_efe062fa_"/>
        <wf.a.LabelAction plugin="workflow-api@1382.veca_a_efe062fa_">
          <displayName>Test</displayName>
        </wf.a.LabelAction>
        <wf.a.TimingAction plugin="workflow-api@1382.veca_a_efe062fa_">
          <startTime>1755010608530</startTime>
        </wf.a.TimingAction>
      </actions>
    </Tag>
  </entry>
  <entry>
    <string>44</string>
    <Tag plugin="workflow-support@976.vb_d9493c2eb_09">
      <node class="cps.n.StepAtomNode" plugin="workflow-cps@4177.vb_203fe395445">
        <parentIds>
          <string>43</string>
        </parentIds>
        <id>44</id>
        <descriptorId>org.jenkinsci.plugins.workflow.steps.EchoStep</descriptorId>
      </node>
      <actions>
        <cps.a.ArgumentsActionImpl plugin="workflow-cps@4177.vb_203fe395445">
          <arguments>
            <entry>
              <string>message</string>
              <string>Running unit tests...</string>
            </entry>
          </arguments>
          <sensitiveVariables/>
          <isUnmodifiedBySanitization>true</isUnmodifiedBySanitization>
        </cps.a.ArgumentsActionImpl>
        <wf.a.TimingAction plugin="workflow-api@1382.veca_a_efe062fa_">
          <startTime>1755010608574</startTime>
        </wf.a.TimingAction>
        <s.a.LogStorageAction/>
      </actions>
    </Tag>
  </entry>
  <entry>
    <string>45</string>
    <Tag plugin="workflow-support@976.vb_d9493c2eb_09">
      <node class="cps.n.StepStartNode" plugin="workflow-cps@4177.vb_203fe395445">
        <parentIds>
          <string>44</string>
        </parentIds>
        <id>45</id>
        <descriptorId>org.jenkinsci.plugins.pipeline.modeldefinition.steps.ScriptStep</descriptorId>
      </node>
      <actions>
        <s.a.LogStorageAction/>
        <wf.a.TimingAction plugin="workflow-api@1382.veca_a_efe062fa_">
          <startTime>1755010608601</startTime>
        </wf.a.TimingAction>
      </actions>
    </Tag>
  </entry>
  <entry>
    <string>46</string>
    <Tag plugin="workflow-support@976.vb_d9493c2eb_09">
      <node class="cps.n.StepStartNode" plugin="workflow-cps@4177.vb_203fe395445">
        <parentIds>
          <string>45</string>
        </parentIds>
        <id>46</id>
        <descriptorId>org.jenkinsci.plugins.pipeline.modeldefinition.steps.ScriptStep</descriptorId>
      </node>
      <actions>
        <wf.a.BodyInvocationAction plugin="workflow-api@1382.veca_a_efe062fa_"/>
        <wf.a.TimingAction plugin="workflow-api@1382.veca_a_efe062fa_">
          <startTime>1755010608611</startTime>
        </wf.a.TimingAction>
      </actions>
    </Tag>
  </entry>
  <entry>
    <string>47</string>
    <Tag plugin="workflow-support@976.vb_d9493c2eb_09">
      <node class="cps.n.StepAtomNode" plugin="workflow-cps@4177.vb_203fe395445">
        <parentIds>
          <string>46</string>
        </parentIds>
        <id>47</id>
        <descriptorId>org.jenkinsci.plugins.workflow.steps.IsUnixStep</descriptorId>
      </node>
      <actions>
        <wf.a.TimingAction plugin="workflow-api@1382.veca_a_efe062fa_">
          <startTime>1755010608638</startTime>
        </wf.a.TimingAction>
        <s.a.LogStorageAction/>
      </actions>
    </Tag>
  </entry>
  <entry>
    <string>48</string>
    <Tag plugin="workflow-support@976.vb_d9493c2eb_09">
      <node class="cps.n.StepAtomNode" plugin="workflow-cps@4177.vb_203fe395445">
        <parentIds>
          <string>47</string>
        </parentIds>
        <id>48</id>
        <descriptorId>org.jenkinsci.plugins.workflow.steps.durable_task.ShellStep</descriptorId>
      </node>
      <actions>
        <cps.a.ArgumentsActionImpl plugin="workflow-cps@4177.vb_203fe395445">
          <arguments>
            <entry>
              <string>script</string>
              <string>
                            # Try Maven first, fallback to direct pytest
                            if command -v mvn &amp;&gt; /dev/null; then
                                echo &quot;Using Maven for testing...&quot;
                                mvn test
                            elif [ -f &quot;mvnw&quot; ]; then
                                echo &quot;Using Maven wrapper for testing...&quot;
                                ./mvnw test
                            else
                                echo &quot;Maven not available, using direct pytest...&quot;
                                mkdir -p target/surefire-reports
                                python3 -m pytest tests/ -v --tb=short --junitxml=target/surefire-reports/pytest-results.xml
                                echo &quot;Tests completed&quot;
                            fi
                        </string>
            </entry>
          </arguments>
          <sensitiveVariables/>
          <isUnmodifiedBySanitization>true</isUnmodifiedBySanitization>
        </cps.a.ArgumentsActionImpl>
        <wf.a.TimingAction plugin="workflow-api@1382.veca_a_efe062fa_">
          <startTime>1755010608662</startTime>
        </wf.a.TimingAction>
        <s.a.LogStorageAction/>
      </actions>
    </Tag>
  </entry>
  <entry>
    <string>49</string>
    <Tag plugin="workflow-support@976.vb_d9493c2eb_09">
      <node class="cps.n.StepEndNode" plugin="workflow-cps@4177.vb_203fe395445">
        <parentIds>
          <string>48</string>
        </parentIds>
        <id>49</id>
        <startId>46</startId>
      </node>
      <actions>
        <wf.a.BodyInvocationAction plugin="workflow-api@1382.veca_a_efe062fa_"/>
        <wf.a.TimingAction plugin="workflow-api@1382.veca_a_efe062fa_">
          <startTime>1755010610740</startTime>
        </wf.a.TimingAction>
      </actions>
    </Tag>
  </entry>
  <entry>
    <string>50</string>
    <Tag plugin="workflow-support@976.vb_d9493c2eb_09">
      <node class="cps.n.StepEndNode" plugin="workflow-cps@4177.vb_203fe395445">
        <parentIds>
          <string>49</string>
        </parentIds>
        <id>50</id>
        <startId>45</startId>
      </node>
      <actions>
        <wf.a.TimingAction plugin="workflow-api@1382.veca_a_efe062fa_">
          <startTime>1755010610806</startTime>
        </wf.a.TimingAction>
      </actions>
    </Tag>
  </entry>
  <entry>
    <string>51</string>
    <Tag plugin="workflow-support@976.vb_d9493c2eb_09">
      <node class="cps.n.StepAtomNode" plugin="workflow-cps@4177.vb_203fe395445">
        <parentIds>
          <string>50</string>
        </parentIds>
        <id>51</id>
        <descriptorId>hudson.tasks.junit.pipeline.JUnitResultsStep</descriptorId>
      </node>
      <actions>
        <cps.a.ArgumentsActionImpl plugin="workflow-cps@4177.vb_203fe395445">
          <arguments>
            <entry>
              <string>testResults</string>
              <string>**/target/surefire-reports/*.xml</string>
            </entry>
          </arguments>
          <sensitiveVariables/>
          <isUnmodifiedBySanitization>true</isUnmodifiedBySanitization>
        </cps.a.ArgumentsActionImpl>
        <wf.a.TimingAction plugin="workflow-api@1382.veca_a_efe062fa_">
          <startTime>1755010610842</startTime>
        </wf.a.TimingAction>
        <s.a.LogStorageAction/>
      </actions>
    </Tag>
  </entry>
  <entry>
    <string>52</string>
    <Tag plugin="workflow-support@976.vb_d9493c2eb_09">
      <node class="cps.n.StepStartNode" plugin="workflow-cps@4177.vb_203fe395445">
        <parentIds>
          <string>51</string>
        </parentIds>
        <id>52</id>
        <descriptorId>org.jenkinsci.plugins.pipeline.modeldefinition.steps.ScriptStep</descriptorId>
      </node>
      <actions>
        <s.a.LogStorageAction/>
        <wf.a.TimingAction plugin="workflow-api@1382.veca_a_efe062fa_">
          <startTime>1755010610900</startTime>
        </wf.a.TimingAction>
      </actions>
    </Tag>
  </entry>
  <entry>
    <string>53</string>
    <Tag plugin="workflow-support@976.vb_d9493c2eb_09">
      <node class="cps.n.StepStartNode" plugin="workflow-cps@4177.vb_203fe395445">
        <parentIds>
          <string>52</string>
        </parentIds>
        <id>53</id>
        <descriptorId>org.jenkinsci.plugins.pipeline.modeldefinition.steps.ScriptStep</descriptorId>
      </node>
      <actions>
        <wf.a.BodyInvocationAction plugin="workflow-api@1382.veca_a_efe062fa_"/>
        <wf.a.TimingAction plugin="workflow-api@1382.veca_a_efe062fa_">
          <startTime>1755010610912</startTime>
        </wf.a.TimingAction>
      </actions>
    </Tag>
  </entry>
  <entry>
    <string>54</string>
    <Tag plugin="workflow-support@976.vb_d9493c2eb_09">
      <node class="cps.n.StepAtomNode" plugin="workflow-cps@4177.vb_203fe395445">
        <parentIds>
          <string>53</string>
        </parentIds>
        <id>54</id>
        <descriptorId>org.jenkinsci.plugins.workflow.steps.FileExistsStep</descriptorId>
      </node>
      <actions>
        <cps.a.ArgumentsActionImpl plugin="workflow-cps@4177.vb_203fe395445">
          <arguments>
            <entry>
              <string>file</string>
              <string>target/surefire-reports/pytest-results.xml</string>
            </entry>
          </arguments>
          <sensitiveVariables/>
          <isUnmodifiedBySanitization>true</isUnmodifiedBySanitization>
        </cps.a.ArgumentsActionImpl>
        <wf.a.TimingAction plugin="workflow-api@1382.veca_a_efe062fa_">
          <startTime>1755010610951</startTime>
        </wf.a.TimingAction>
        <s.a.LogStorageAction/>
      </actions>
    </Tag>
  </entry>
  <entry>
    <string>55</string>
    <Tag plugin="workflow-support@976.vb_d9493c2eb_09">
      <node class="cps.n.StepAtomNode" plugin="workflow-cps@4177.vb_203fe395445">
        <parentIds>
          <string>54</string>
        </parentIds>
        <id>55</id>
        <descriptorId>org.jenkinsci.plugins.workflow.steps.CoreStep</descriptorId>
      </node>
      <actions>
        <cps.a.ArgumentsActionImpl plugin="workflow-cps@4177.vb_203fe395445">
          <arguments>
            <entry>
              <string>delegate</string>
              <org.jenkinsci.plugins.structs.describable.UninstantiatedDescribable plugin="structs@353.v261ea_40a_80fb_">
                <symbol>archiveArtifacts</symbol>
                <arguments class="tree-map">
                  <entry>
                    <string>allowEmptyArchive</string>
                    <boolean>true</boolean>
                  </entry>
                  <entry>
                    <string>artifacts</string>
                    <string>target/surefire-reports/*.xml</string>
                  </entry>
                </arguments>
              </org.jenkinsci.plugins.structs.describable.UninstantiatedDescribable>
            </entry>
          </arguments>
          <sensitiveVariables/>
          <isUnmodifiedBySanitization>true</isUnmodifiedBySanitization>
        </cps.a.ArgumentsActionImpl>
        <wf.a.TimingAction plugin="workflow-api@1382.veca_a_efe062fa_">
          <startTime>1755010611007</startTime>
        </wf.a.TimingAction>
        <s.a.LogStorageAction/>
      </actions>
    </Tag>
  </entry>
  <entry>
    <string>56</string>
    <Tag plugin="workflow-support@976.vb_d9493c2eb_09">
      <node class="cps.n.StepEndNode" plugin="workflow-cps@4177.vb_203fe395445">
        <parentIds>
          <string>55</string>
        </parentIds>
        <id>56</id>
        <startId>53</startId>
      </node>
      <actions>
        <wf.a.BodyInvocationAction plugin="workflow-api@1382.veca_a_efe062fa_"/>
        <wf.a.TimingAction plugin="workflow-api@1382.veca_a_efe062fa_">
          <startTime>1755010611045</startTime>
        </wf.a.TimingAction>
      </actions>
    </Tag>
  </entry>
  <entry>
    <string>57</string>
    <Tag plugin="workflow-support@976.vb_d9493c2eb_09">
      <node class="cps.n.StepEndNode" plugin="workflow-cps@4177.vb_203fe395445">
        <parentIds>
          <string>56</string>
        </parentIds>
        <id>57</id>
        <startId>52</startId>
      </node>
      <actions>
        <wf.a.TimingAction plugin="workflow-api@1382.veca_a_efe062fa_">
          <startTime>1755010611080</startTime>
        </wf.a.TimingAction>
      </actions>
    </Tag>
  </entry>
  <entry>
    <string>58</string>
    <Tag plugin="workflow-support@976.vb_d9493c2eb_09">
      <node class="cps.n.StepEndNode" plugin="workflow-cps@4177.vb_203fe395445">
        <parentIds>
          <string>57</string>
        </parentIds>
        <id>58</id>
        <startId>43</startId>
      </node>
      <actions>
        <wf.a.BodyInvocationAction plugin="workflow-api@1382.veca_a_efe062fa_"/>
        <wf.a.TimingAction plugin="workflow-api@1382.veca_a_efe062fa_">
          <startTime>1755010611102</startTime>
        </wf.a.TimingAction>
      </actions>
    </Tag>
  </entry>
  <entry>
    <string>59</string>
    <Tag plugin="workflow-support@976.vb_d9493c2eb_09">
      <node class="cps.n.StepEndNode" plugin="workflow-cps@4177.vb_203fe395445">
        <parentIds>
          <string>58</string>
        </parentIds>
        <id>59</id>
        <startId>42</startId>
      </node>
      <actions>
        <wf.a.TimingAction plugin="workflow-api@1382.veca_a_efe062fa_">
          <startTime>1755010611136</startTime>
        </wf.a.TimingAction>
      </actions>
    </Tag>
  </entry>
  <entry>
    <string>60</string>
    <Tag plugin="workflow-support@976.vb_d9493c2eb_09">
      <node class="cps.n.StepStartNode" plugin="workflow-cps@4177.vb_203fe395445">
        <parentIds>
          <string>59</string>
        </parentIds>
        <id>60</id>
        <descriptorId>org.jenkinsci.plugins.workflow.support.steps.StageStep</descriptorId>
      </node>
      <actions>
        <s.a.LogStorageAction/>
        <cps.a.ArgumentsActionImpl plugin="workflow-cps@4177.vb_203fe395445">
          <arguments>
            <entry>
              <string>name</string>
              <string>Package</string>
            </entry>
          </arguments>
          <sensitiveVariables/>
          <isUnmodifiedBySanitization>true</isUnmodifiedBySanitization>
        </cps.a.ArgumentsActionImpl>
        <wf.a.TimingAction plugin="workflow-api@1382.veca_a_efe062fa_">
          <startTime>1755010611172</startTime>
        </wf.a.TimingAction>
      </actions>
    </Tag>
  </entry>
  <entry>
    <string>61</string>
    <Tag plugin="workflow-support@976.vb_d9493c2eb_09">
      <node class="cps.n.StepStartNode" plugin="workflow-cps@4177.vb_203fe395445">
        <parentIds>
          <string>60</string>
        </parentIds>
        <id>61</id>
        <descriptorId>org.jenkinsci.plugins.workflow.support.steps.StageStep</descriptorId>
      </node>
      <actions>
        <wf.a.BodyInvocationAction plugin="workflow-api@1382.veca_a_efe062fa_"/>
        <wf.a.LabelAction plugin="workflow-api@1382.veca_a_efe062fa_">
          <displayName>Package</displayName>
        </wf.a.LabelAction>
        <wf.a.TimingAction plugin="workflow-api@1382.veca_a_efe062fa_">
          <startTime>1755010611182</startTime>
        </wf.a.TimingAction>
      </actions>
    </Tag>
  </entry>
  <entry>
    <string>62</string>
    <Tag plugin="workflow-support@976.vb_d9493c2eb_09">
      <node class="cps.n.StepAtomNode" plugin="workflow-cps@4177.vb_203fe395445">
        <parentIds>
          <string>61</string>
        </parentIds>
        <id>62</id>
        <descriptorId>org.jenkinsci.plugins.workflow.steps.EchoStep</descriptorId>
      </node>
      <actions>
        <cps.a.ArgumentsActionImpl plugin="workflow-cps@4177.vb_203fe395445">
          <arguments>
            <entry>
              <string>message</string>
              <string>Creating deployable package...</string>
            </entry>
          </arguments>
          <sensitiveVariables/>
          <isUnmodifiedBySanitization>true</isUnmodifiedBySanitization>
        </cps.a.ArgumentsActionImpl>
        <wf.a.TimingAction plugin="workflow-api@1382.veca_a_efe062fa_">
          <startTime>1755010611229</startTime>
        </wf.a.TimingAction>
        <s.a.LogStorageAction/>
      </actions>
    </Tag>
  </entry>
  <entry>
    <string>63</string>
    <Tag plugin="workflow-support@976.vb_d9493c2eb_09">
      <node class="cps.n.StepStartNode" plugin="workflow-cps@4177.vb_203fe395445">
        <parentIds>
          <string>62</string>
        </parentIds>
        <id>63</id>
        <descriptorId>org.jenkinsci.plugins.pipeline.modeldefinition.steps.ScriptStep</descriptorId>
      </node>
      <actions>
        <s.a.LogStorageAction/>
        <wf.a.TimingAction plugin="workflow-api@1382.veca_a_efe062fa_">
          <startTime>1755010611254</startTime>
        </wf.a.TimingAction>
      </actions>
    </Tag>
  </entry>
  <entry>
    <string>64</string>
    <Tag plugin="workflow-support@976.vb_d9493c2eb_09">
      <node class="cps.n.StepStartNode" plugin="workflow-cps@4177.vb_203fe395445">
        <parentIds>
          <string>63</string>
        </parentIds>
        <id>64</id>
        <descriptorId>org.jenkinsci.plugins.pipeline.modeldefinition.steps.ScriptStep</descriptorId>
      </node>
      <actions>
        <wf.a.BodyInvocationAction plugin="workflow-api@1382.veca_a_efe062fa_"/>
        <wf.a.TimingAction plugin="workflow-api@1382.veca_a_efe062fa_">
          <startTime>1755010611265</startTime>
        </wf.a.TimingAction>
      </actions>
    </Tag>
  </entry>
  <entry>
    <string>65</string>
    <Tag plugin="workflow-support@976.vb_d9493c2eb_09">
      <node class="cps.n.StepAtomNode" plugin="workflow-cps@4177.vb_203fe395445">
        <parentIds>
          <string>64</string>
        </parentIds>
        <id>65</id>
        <descriptorId>org.jenkinsci.plugins.workflow.steps.IsUnixStep</descriptorId>
      </node>
      <actions>
        <wf.a.TimingAction plugin="workflow-api@1382.veca_a_efe062fa_">
          <startTime>1755010611291</startTime>
        </wf.a.TimingAction>
        <s.a.LogStorageAction/>
      </actions>
    </Tag>
  </entry>
  <entry>
    <string>66</string>
    <Tag plugin="workflow-support@976.vb_d9493c2eb_09">
      <node class="cps.n.StepAtomNode" plugin="workflow-cps@4177.vb_203fe395445">
        <parentIds>
          <string>65</string>
        </parentIds>
        <id>66</id>
        <descriptorId>org.jenkinsci.plugins.workflow.steps.durable_task.ShellStep</descriptorId>
      </node>
      <actions>
        <cps.a.ArgumentsActionImpl plugin="workflow-cps@4177.vb_203fe395445">
          <arguments>
            <entry>
              <string>script</string>
              <string>
                            # Try Maven first, fallback to direct packaging
                            if command -v mvn &amp;&gt; /dev/null; then
                                echo &quot;Using Maven for packaging...&quot;
                                mvn package
                            elif [ -f &quot;mvnw&quot; ]; then
                                echo &quot;Using Maven wrapper for packaging...&quot;
                                ./mvnw package
                            else
                                echo &quot;Maven not available, using direct Python packaging...&quot;
                                mkdir -p target/dist
                                python3 setup.py sdist --dist-dir target/dist
                                echo &quot;Package created successfully&quot;
                            fi
                        </string>
            </entry>
          </arguments>
          <sensitiveVariables/>
          <isUnmodifiedBySanitization>true</isUnmodifiedBySanitization>
        </cps.a.ArgumentsActionImpl>
        <wf.a.TimingAction plugin="workflow-api@1382.veca_a_efe062fa_">
          <startTime>1755010611315</startTime>
        </wf.a.TimingAction>
        <s.a.LogStorageAction/>
      </actions>
    </Tag>
  </entry>
  <entry>
    <string>67</string>
    <Tag plugin="workflow-support@976.vb_d9493c2eb_09">
      <node class="cps.n.StepEndNode" plugin="workflow-cps@4177.vb_203fe395445">
        <parentIds>
          <string>66</string>
        </parentIds>
        <id>67</id>
        <startId>64</startId>
      </node>
      <actions>
        <wf.a.BodyInvocationAction plugin="workflow-api@1382.veca_a_efe062fa_"/>
        <wf.a.TimingAction plugin="workflow-api@1382.veca_a_efe062fa_">
          <startTime>1755010613659</startTime>
        </wf.a.TimingAction>
      </actions>
    </Tag>
  </entry>
  <entry>
    <string>68</string>
    <Tag plugin="workflow-support@976.vb_d9493c2eb_09">
      <node class="cps.n.StepEndNode" plugin="workflow-cps@4177.vb_203fe395445">
        <parentIds>
          <string>67</string>
        </parentIds>
        <id>68</id>
        <startId>63</startId>
      </node>
      <actions>
        <wf.a.TimingAction plugin="workflow-api@1382.veca_a_efe062fa_">
          <startTime>1755010613703</startTime>
        </wf.a.TimingAction>
      </actions>
    </Tag>
  </entry>
  <entry>
    <string>69</string>
    <Tag plugin="workflow-support@976.vb_d9493c2eb_09">
      <node class="cps.n.StepAtomNode" plugin="workflow-cps@4177.vb_203fe395445">
        <parentIds>
          <string>68</string>
        </parentIds>
        <id>69</id>
        <descriptorId>org.jenkinsci.plugins.workflow.steps.CoreStep</descriptorId>
      </node>
      <actions>
        <cps.a.ArgumentsActionImpl plugin="workflow-cps@4177.vb_203fe395445">
          <arguments>
            <entry>
              <string>delegate</string>
              <org.jenkinsci.plugins.structs.describable.UninstantiatedDescribable plugin="structs@353.v261ea_40a_80fb_">
                <symbol>archiveArtifacts</symbol>
                <arguments class="tree-map">
                  <entry>
                    <string>allowEmptyArchive</string>
                    <boolean>true</boolean>
                  </entry>
                  <entry>
                    <string>artifacts</string>
                    <string>target/dist/*.tar.gz, target/*.jar</string>
                  </entry>
                </arguments>
              </org.jenkinsci.plugins.structs.describable.UninstantiatedDescribable>
            </entry>
          </arguments>
          <sensitiveVariables/>
          <isUnmodifiedBySanitization>true</isUnmodifiedBySanitization>
        </cps.a.ArgumentsActionImpl>
        <wf.a.TimingAction plugin="workflow-api@1382.veca_a_efe062fa_">
          <startTime>1755010613742</startTime>
        </wf.a.TimingAction>
        <s.a.LogStorageAction/>
      </actions>
    </Tag>
  </entry>
  <entry>
    <string>70</string>
    <Tag plugin="workflow-support@976.vb_d9493c2eb_09">
      <node class="cps.n.StepAtomNode" plugin="workflow-cps@4177.vb_203fe395445">
        <parentIds>
          <string>69</string>
        </parentIds>
        <id>70</id>
        <descriptorId>org.jenkinsci.plugins.workflow.steps.EchoStep</descriptorId>
      </node>
      <actions>
        <cps.a.ArgumentsActionImpl plugin="workflow-cps@4177.vb_203fe395445">
          <arguments>
            <entry>
              <string>message</string>
              <string>Package created successfully!</string>
            </entry>
          </arguments>
          <sensitiveVariables/>
          <isUnmodifiedBySanitization>true</isUnmodifiedBySanitization>
        </cps.a.ArgumentsActionImpl>
        <wf.a.TimingAction plugin="workflow-api@1382.veca_a_efe062fa_">
          <startTime>1755010613786</startTime>
        </wf.a.TimingAction>
        <s.a.LogStorageAction/>
      </actions>
    </Tag>
  </entry>
  <entry>
    <string>71</string>
    <Tag plugin="workflow-support@976.vb_d9493c2eb_09">
      <node class="cps.n.StepEndNode" plugin="workflow-cps@4177.vb_203fe395445">
        <parentIds>
          <string>70</string>
        </parentIds>
        <id>71</id>
        <startId>61</startId>
      </node>
      <actions>
        <wf.a.BodyInvocationAction plugin="workflow-api@1382.veca_a_efe062fa_"/>
        <wf.a.TimingAction plugin="workflow-api@1382.veca_a_efe062fa_">
          <startTime>1755010613816</startTime>
        </wf.a.TimingAction>
      </actions>
    </Tag>
  </entry>
  <entry>
    <string>72</string>
    <Tag plugin="workflow-support@976.vb_d9493c2eb_09">
      <node class="cps.n.StepEndNode" plugin="workflow-cps@4177.vb_203fe395445">
        <parentIds>
          <string>71</string>
        </parentIds>
        <id>72</id>
        <startId>60</startId>
      </node>
      <actions>
        <wf.a.TimingAction plugin="workflow-api@1382.veca_a_efe062fa_">
          <startTime>1755010613848</startTime>
        </wf.a.TimingAction>
      </actions>
    </Tag>
  </entry>
  <entry>
    <string>73</string>
    <Tag plugin="workflow-support@976.vb_d9493c2eb_09">
      <node class="cps.n.StepStartNode" plugin="workflow-cps@4177.vb_203fe395445">
        <parentIds>
          <string>72</string>
        </parentIds>
        <id>73</id>
        <descriptorId>org.jenkinsci.plugins.workflow.support.steps.StageStep</descriptorId>
      </node>
      <actions>
        <s.a.LogStorageAction/>
        <cps.a.ArgumentsActionImpl plugin="workflow-cps@4177.vb_203fe395445">
          <arguments>
            <entry>
              <string>name</string>
              <string>Deploy Preparation</string>
            </entry>
          </arguments>
          <sensitiveVariables/>
          <isUnmodifiedBySanitization>true</isUnmodifiedBySanitization>
        </cps.a.ArgumentsActionImpl>
        <wf.a.TimingAction plugin="workflow-api@1382.veca_a_efe062fa_">
          <startTime>1755010613883</startTime>
        </wf.a.TimingAction>
      </actions>
    </Tag>
  </entry>
  <entry>
    <string>74</string>
    <Tag plugin="workflow-support@976.vb_d9493c2eb_09">
      <node class="cps.n.StepStartNode" plugin="workflow-cps@4177.vb_203fe395445">
        <parentIds>
          <string>73</string>
        </parentIds>
        <id>74</id>
        <descriptorId>org.jenkinsci.plugins.workflow.support.steps.StageStep</descriptorId>
      </node>
      <actions>
        <wf.a.BodyInvocationAction plugin="workflow-api@1382.veca_a_efe062fa_"/>
        <wf.a.LabelAction plugin="workflow-api@1382.veca_a_efe062fa_">
          <displayName>Deploy Preparation</displayName>
        </wf.a.LabelAction>
        <wf.a.TimingAction plugin="workflow-api@1382.veca_a_efe062fa_">
          <startTime>1755010613891</startTime>
        </wf.a.TimingAction>
      </actions>
    </Tag>
  </entry>
  <entry>
    <string>75</string>
    <Tag plugin="workflow-support@976.vb_d9493c2eb_09">
      <node class="cps.n.StepAtomNode" plugin="workflow-cps@4177.vb_203fe395445">
        <parentIds>
          <string>74</string>
        </parentIds>
        <id>75</id>
        <descriptorId>org.jenkinsci.plugins.workflow.steps.EchoStep</descriptorId>
      </node>
      <actions>
        <cps.a.ArgumentsActionImpl plugin="workflow-cps@4177.vb_203fe395445">
          <arguments>
            <entry>
              <string>message</string>
              <string>Preparing deployment artifacts...</string>
            </entry>
          </arguments>
          <sensitiveVariables/>
          <isUnmodifiedBySanitization>true</isUnmodifiedBySanitization>
        </cps.a.ArgumentsActionImpl>
        <wf.a.TimingAction plugin="workflow-api@1382.veca_a_efe062fa_">
          <startTime>1755010613927</startTime>
        </wf.a.TimingAction>
        <s.a.LogStorageAction/>
      </actions>
    </Tag>
  </entry>
  <entry>
    <string>76</string>
    <Tag plugin="workflow-support@976.vb_d9493c2eb_09">
      <node class="cps.n.StepStartNode" plugin="workflow-cps@4177.vb_203fe395445">
        <parentIds>
          <string>75</string>
        </parentIds>
        <id>76</id>
        <descriptorId>org.jenkinsci.plugins.pipeline.modeldefinition.steps.ScriptStep</descriptorId>
      </node>
      <actions>
        <s.a.LogStorageAction/>
        <wf.a.TimingAction plugin="workflow-api@1382.veca_a_efe062fa_">
          <startTime>1755010613953</startTime>
        </wf.a.TimingAction>
      </actions>
    </Tag>
  </entry>
  <entry>
    <string>77</string>
    <Tag plugin="workflow-support@976.vb_d9493c2eb_09">
      <node class="cps.n.StepStartNode" plugin="workflow-cps@4177.vb_203fe395445">
        <parentIds>
          <string>76</string>
        </parentIds>
        <id>77</id>
        <descriptorId>org.jenkinsci.plugins.pipeline.modeldefinition.steps.ScriptStep</descriptorId>
      </node>
      <actions>
        <wf.a.BodyInvocationAction plugin="workflow-api@1382.veca_a_efe062fa_"/>
        <wf.a.TimingAction plugin="workflow-api@1382.veca_a_efe062fa_">
          <startTime>1755010613963</startTime>
        </wf.a.TimingAction>
      </actions>
    </Tag>
  </entry>
  <entry>
    <string>78</string>
    <Tag plugin="workflow-support@976.vb_d9493c2eb_09">
      <node class="cps.n.StepAtomNode" plugin="workflow-cps@4177.vb_203fe395445">
        <parentIds>
          <string>77</string>
        </parentIds>
        <id>78</id>
        <descriptorId>org.jenkinsci.plugins.workflow.steps.IsUnixStep</descriptorId>
      </node>
      <actions>
        <wf.a.TimingAction plugin="workflow-api@1382.veca_a_efe062fa_">
          <startTime>1755010613989</startTime>
        </wf.a.TimingAction>
        <s.a.LogStorageAction/>
      </actions>
    </Tag>
  </entry>
  <entry>
    <string>79</string>
    <Tag plugin="workflow-support@976.vb_d9493c2eb_09">
      <node class="cps.n.StepAtomNode" plugin="workflow-cps@4177.vb_203fe395445">
        <parentIds>
          <string>78</string>
        </parentIds>
        <id>79</id>
        <descriptorId>org.jenkinsci.plugins.workflow.steps.durable_task.ShellStep</descriptorId>
      </node>
      <actions>
        <cps.a.ArgumentsActionImpl plugin="workflow-cps@4177.vb_203fe395445">
          <arguments>
            <entry>
              <string>script</string>
              <string>
                            mkdir -p deployment
                            cp -r target/dist/* deployment/ || true
                            cp hotel.py deployment/
                            cp requirements.txt deployment/
                            echo &quot;Deployment package prepared in deployment/ directory&quot;
                        </string>
            </entry>
          </arguments>
          <sensitiveVariables/>
          <isUnmodifiedBySanitization>true</isUnmodifiedBySanitization>
        </cps.a.ArgumentsActionImpl>
        <wf.a.TimingAction plugin="workflow-api@1382.veca_a_efe062fa_">
          <startTime>1755010614015</startTime>
        </wf.a.TimingAction>
        <s.a.LogStorageAction/>
      </actions>
    </Tag>
  </entry>
  <entry>
    <string>80</string>
    <Tag plugin="workflow-support@976.vb_d9493c2eb_09">
      <node class="cps.n.StepEndNode" plugin="workflow-cps@4177.vb_203fe395445">
        <parentIds>
          <string>79</string>
        </parentIds>
        <id>80</id>
        <startId>77</startId>
      </node>
      <actions>
        <wf.a.BodyInvocationAction plugin="workflow-api@1382.veca_a_efe062fa_"/>
        <wf.a.TimingAction plugin="workflow-api@1382.veca_a_efe062fa_">
          <startTime>1755010614304</startTime>
        </wf.a.TimingAction>
      </actions>
    </Tag>
  </entry>
  <entry>
    <string>81</string>
    <Tag plugin="workflow-support@976.vb_d9493c2eb_09">
      <node class="cps.n.StepEndNode" plugin="workflow-cps@4177.vb_203fe395445">
        <parentIds>
          <string>80</string>
        </parentIds>
        <id>81</id>
        <startId>76</startId>
      </node>
      <actions>
        <wf.a.TimingAction plugin="workflow-api@1382.veca_a_efe062fa_">
          <startTime>1755010614351</startTime>
        </wf.a.TimingAction>
      </actions>
    </Tag>
  </entry>
  <entry>
    <string>82</string>
    <Tag plugin="workflow-support@976.vb_d9493c2eb_09">
      <node class="cps.n.StepEndNode" plugin="workflow-cps@4177.vb_203fe395445">
        <parentIds>
          <string>81</string>
        </parentIds>
        <id>82</id>
        <startId>74</startId>
      </node>
      <actions>
        <wf.a.BodyInvocationAction plugin="workflow-api@1382.veca_a_efe062fa_"/>
        <wf.a.TimingAction plugin="workflow-api@1382.veca_a_efe062fa_">
          <startTime>1755010614369</startTime>
        </wf.a.TimingAction>
      </actions>
    </Tag>
  </entry>
  <entry>
    <string>83</string>
    <Tag plugin="workflow-support@976.vb_d9493c2eb_09">
      <node class="cps.n.StepEndNode" plugin="workflow-cps@4177.vb_203fe395445">
        <parentIds>
          <string>82</string>
        </parentIds>
        <id>83</id>
        <startId>73</startId>
      </node>
      <actions>
        <wf.a.TimingAction plugin="workflow-api@1382.veca_a_efe062fa_">
          <startTime>1755010614400</startTime>
        </wf.a.TimingAction>
      </actions>
    </Tag>
  </entry>
  <entry>
    <string>84</string>
    <Tag plugin="workflow-support@976.vb_d9493c2eb_09">
      <node class="cps.n.StepStartNode" plugin="workflow-cps@4177.vb_203fe395445">
        <parentIds>
          <string>83</string>
        </parentIds>
        <id>84</id>
        <descriptorId>org.jenkinsci.plugins.workflow.support.steps.StageStep</descriptorId>
      </node>
      <actions>
        <s.a.LogStorageAction/>
        <cps.a.ArgumentsActionImpl plugin="workflow-cps@4177.vb_203fe395445">
          <arguments>
            <entry>
              <string>name</string>
              <string>Declarative: Post Actions</string>
            </entry>
          </arguments>
          <sensitiveVariables/>
          <isUnmodifiedBySanitization>true</isUnmodifiedBySanitization>
        </cps.a.ArgumentsActionImpl>
        <wf.a.TimingAction plugin="workflow-api@1382.veca_a_efe062fa_">
          <startTime>1755010614436</startTime>
        </wf.a.TimingAction>
      </actions>
    </Tag>
  </entry>
  <entry>
    <string>85</string>
    <Tag plugin="workflow-support@976.vb_d9493c2eb_09">
      <node class="cps.n.StepStartNode" plugin="workflow-cps@4177.vb_203fe395445">
        <parentIds>
          <string>84</string>
        </parentIds>
        <id>85</id>
        <descriptorId>org.jenkinsci.plugins.workflow.support.steps.StageStep</descriptorId>
      </node>
      <actions>
        <wf.a.BodyInvocationAction plugin="workflow-api@1382.veca_a_efe062fa_"/>
        <wf.a.LabelAction plugin="workflow-api@1382.veca_a_efe062fa_">
          <displayName>Declarative: Post Actions</displayName>
        </wf.a.LabelAction>
        <wf.a.TimingAction plugin="workflow-api@1382.veca_a_efe062fa_">
          <startTime>1755010614444</startTime>
        </wf.a.TimingAction>
        <wf.a.TagsAction plugin="workflow-api@1382.veca_a_efe062fa_">
          <tags>
            <entry>
              <string>SYNTHETIC_STAGE</string>
              <string>POST</string>
            </entry>
          </tags>
        </wf.a.TagsAction>
      </actions>
    </Tag>
  </entry>
  <entry>
    <string>86</string>
    <Tag plugin="workflow-support@976.vb_d9493c2eb_09">
      <node class="cps.n.StepAtomNode" plugin="workflow-cps@4177.vb_203fe395445">
        <parentIds>
          <string>85</string>
        </parentIds>
        <id>86</id>
        <descriptorId>org.jenkinsci.plugins.workflow.steps.EchoStep</descriptorId>
      </node>
      <actions>
        <cps.a.ArgumentsActionImpl plugin="workflow-cps@4177.vb_203fe395445">
          <arguments>
            <entry>
              <string>message</string>
              <string>Pipeline execution completed.</string>
            </entry>
          </arguments>
          <sensitiveVariables/>
          <isUnmodifiedBySanitization>true</isUnmodifiedBySanitization>
        </cps.a.ArgumentsActionImpl>
        <wf.a.TimingAction plugin="workflow-api@1382.veca_a_efe062fa_">
          <startTime>1755010614509</startTime>
        </wf.a.TimingAction>
        <s.a.LogStorageAction/>
      </actions>
    </Tag>
  </entry>
  <entry>
    <string>87</string>
    <Tag plugin="workflow-support@976.vb_d9493c2eb_09">
      <node class="cps.n.StepAtomNode" plugin="workflow-cps@4177.vb_203fe395445">
        <parentIds>
          <string>86</string>
        </parentIds>
        <id>87</id>
        <descriptorId>org.jenkinsci.plugins.workflow.steps.CoreStep</descriptorId>
      </node>
      <actions>
        <cps.a.ArgumentsActionImpl plugin="workflow-cps@4177.vb_203fe395445">
          <arguments>
            <entry>
              <string>delegate</string>
              <org.jenkinsci.plugins.structs.describable.UninstantiatedDescribable plugin="structs@353.v261ea_40a_80fb_">
                <symbol>cleanWs</symbol>
                <arguments class="tree-map">
                  <entry>
                    <string>cleanWhenAborted</string>
                    <boolean>true</boolean>
                  </entry>
                  <entry>
                    <string>cleanWhenFailure</string>
                    <boolean>false</boolean>
                  </entry>
                  <entry>
                    <string>cleanWhenSuccess</string>
                    <boolean>true</boolean>
                  </entry>
                </arguments>
              </org.jenkinsci.plugins.structs.describable.UninstantiatedDescribable>
            </entry>
          </arguments>
          <sensitiveVariables/>
          <isUnmodifiedBySanitization>true</isUnmodifiedBySanitization>
        </cps.a.ArgumentsActionImpl>
        <wf.a.TimingAction plugin="workflow-api@1382.veca_a_efe062fa_">
          <startTime>1755010614535</startTime>
        </wf.a.TimingAction>
        <s.a.LogStorageAction/>
      </actions>
    </Tag>
  </entry>
  <entry>
    <string>88</string>
    <Tag plugin="workflow-support@976.vb_d9493c2eb_09">
      <node class="cps.n.StepAtomNode" plugin="workflow-cps@4177.vb_203fe395445">
        <parentIds>
          <string>87</string>
        </parentIds>
        <id>88</id>
        <descriptorId>org.jenkinsci.plugins.workflow.steps.EchoStep</descriptorId>
      </node>
      <actions>
        <cps.a.ArgumentsActionImpl plugin="workflow-cps@4177.vb_203fe395445">
          <arguments>
            <entry>
              <string>message</string>
              <string>Pipeline executed successfully!</string>
            </entry>
          </arguments>
          <sensitiveVariables/>
          <isUnmodifiedBySanitization>true</isUnmodifiedBySanitization>
        </cps.a.ArgumentsActionImpl>
        <wf.a.TimingAction plugin="workflow-api@1382.veca_a_efe062fa_">
          <startTime>1755010614594</startTime>
        </wf.a.TimingAction>
        <s.a.LogStorageAction/>
      </actions>
    </Tag>
  </entry>
  <entry>
    <string>89</string>
    <Tag plugin="workflow-support@976.vb_d9493c2eb_09">
      <node class="cps.n.StepAtomNode" plugin="workflow-cps@4177.vb_203fe395445">
        <parentIds>
          <string>88</string>
        </parentIds>
        <id>89</id>
        <descriptorId>hudson.plugins.emailext.EmailExtStep</descriptorId>
      </node>
      <actions>
        <cps.a.ArgumentsActionImpl plugin="workflow-cps@4177.vb_203fe395445">
          <arguments>
            <entry>
              <string>to</string>
              <string>null</string>
            </entry>
            <entry>
              <string>body</string>
              <string>
                    Build succeeded for job DOT503.
                    Build Number: 5
                    Build URL: http://localhost:8080/job/DOT503/5/
                </string>
            </entry>
            <entry>
              <string>attachLog</string>
              <boolean>true</boolean>
            </entry>
            <entry>
              <string>subject</string>
              <string>Jenkins Build Success: DOT503 - 5</string>
            </entry>
          </arguments>
          <sensitiveVariables/>
          <isUnmodifiedBySanitization>true</isUnmodifiedBySanitization>
        </cps.a.ArgumentsActionImpl>
        <wf.a.TimingAction plugin="workflow-api@1382.veca_a_efe062fa_">
          <startTime>1755010614622</startTime>
        </wf.a.TimingAction>
        <s.a.LogStorageAction/>
      </actions>
    </Tag>
  </entry>
  <entry>
    <string>90</string>
    <Tag plugin="workflow-support@976.vb_d9493c2eb_09">
      <node class="cps.n.StepEndNode" plugin="workflow-cps@4177.vb_203fe395445">
        <parentIds>
          <string>89</string>
        </parentIds>
        <id>90</id>
        <startId>85</startId>
      </node>
      <actions>
        <wf.a.BodyInvocationAction plugin="workflow-api@1382.veca_a_efe062fa_"/>
        <wf.a.TimingAction plugin="workflow-api@1382.veca_a_efe062fa_">
          <startTime>1755010634650</startTime>
        </wf.a.TimingAction>
      </actions>
    </Tag>
  </entry>
  <entry>
    <string>91</string>
    <Tag plugin="workflow-support@976.vb_d9493c2eb_09">
      <node class="cps.n.StepEndNode" plugin="workflow-cps@4177.vb_203fe395445">
        <parentIds>
          <string>90</string>
        </parentIds>
        <id>91</id>
        <startId>84</startId>
      </node>
      <actions>
        <wf.a.TimingAction plugin="workflow-api@1382.veca_a_efe062fa_">
          <startTime>1755010634704</startTime>
        </wf.a.TimingAction>
      </actions>
    </Tag>
  </entry>
  <entry>
    <string>92</string>
    <Tag plugin="workflow-support@976.vb_d9493c2eb_09">
      <node class="cps.n.StepEndNode" plugin="workflow-cps@4177.vb_203fe395445">
        <parentIds>
          <string>91</string>
        </parentIds>
        <id>92</id>
        <startId>13</startId>
      </node>
      <actions>
        <wf.a.BodyInvocationAction plugin="workflow-api@1382.veca_a_efe062fa_"/>
        <wf.a.TimingAction plugin="workflow-api@1382.veca_a_efe062fa_">
          <startTime>1755010634726</startTime>
        </wf.a.TimingAction>
      </actions>
    </Tag>
  </entry>
  <entry>
    <string>93</string>
    <Tag plugin="workflow-support@976.vb_d9493c2eb_09">
      <node class="cps.n.StepEndNode" plugin="workflow-cps@4177.vb_203fe395445">
        <parentIds>
          <string>92</string>
        </parentIds>
        <id>93</id>
        <startId>12</startId>
      </node>
      <actions>
        <wf.a.TimingAction plugin="workflow-api@1382.veca_a_efe062fa_">
          <startTime>1755010634769</startTime>
        </wf.a.TimingAction>
      </actions>
    </Tag>
  </entry>
  <entry>
    <string>94</string>
    <Tag plugin="workflow-support@976.vb_d9493c2eb_09">
      <node class="cps.n.StepEndNode" plugin="workflow-cps@4177.vb_203fe395445">
        <parentIds>
          <string>93</string>
        </parentIds>
        <id>94</id>
        <startId>11</startId>
      </node>
      <actions>
        <wf.a.BodyInvocationAction plugin="workflow-api@1382.veca_a_efe062fa_"/>
        <wf.a.TimingAction plugin="workflow-api@1382.veca_a_efe062fa_">
          <startTime>1755010634791</startTime>
        </wf.a.TimingAction>
      </actions>
    </Tag>
  </entry>
  <entry>
    <string>95</string>
    <Tag plugin="workflow-support@976.vb_d9493c2eb_09">
      <node class="cps.n.StepEndNode" plugin="workflow-cps@4177.vb_203fe395445">
        <parentIds>
          <string>94</string>
        </parentIds>
        <id>95</id>
        <startId>10</startId>
      </node>
      <actions>
        <wf.a.TimingAction plugin="workflow-api@1382.veca_a_efe062fa_">
          <startTime>1755010634834</startTime>
        </wf.a.TimingAction>
      </actions>
    </Tag>
  </entry>
  <entry>
    <string>96</string>
    <Tag plugin="workflow-support@976.vb_d9493c2eb_09">
      <node class="cps.n.StepEndNode" plugin="workflow-cps@4177.vb_203fe395445">
        <parentIds>
          <string>95</string>
        </parentIds>
        <id>96</id>
        <startId>4</startId>
      </node>
      <actions>
        <wf.a.BodyInvocationAction plugin="workflow-api@1382.veca_a_efe062fa_"/>
        <wf.a.TimingAction plugin="workflow-api@1382.veca_a_efe062fa_">
          <startTime>1755010634856</startTime>
        </wf.a.TimingAction>
      </actions>
    </Tag>
  </entry>
  <entry>
    <string>97</string>
    <Tag plugin="workflow-support@976.vb_d9493c2eb_09">
      <node class="cps.n.StepEndNode" plugin="workflow-cps@4177.vb_203fe395445">
        <parentIds>
          <string>96</string>
        </parentIds>
        <id>97</id>
        <startId>3</startId>
      </node>
      <actions>
        <wf.a.TimingAction plugin="workflow-api@1382.veca_a_efe062fa_">
          <startTime>1755010634904</startTime>
        </wf.a.TimingAction>
      </actions>
    </Tag>
  </entry>
  <entry>
    <string>98</string>
    <Tag plugin="workflow-support@976.vb_d9493c2eb_09">
      <node class="org.jenkinsci.plugins.workflow.graph.FlowEndNode" plugin="workflow-api@1382.veca_a_efe062fa_">
        <parentIds>
          <string>97</string>
        </parentIds>
        <id>98</id>
        <startId>2</startId>
        <result>
          <name>SUCCESS</name>
          <ordinal>0</ordinal>
          <color>BLUE</color>
          <completeBuild>true</completeBuild>
        </result>
      </node>
      <actions>
        <wf.a.TimingAction plugin="workflow-api@1382.veca_a_efe062fa_">
          <startTime>1755010634923</startTime>
        </wf.a.TimingAction>
      </actions>
    </Tag>
  </entry>
</linked-hash-map>