<?xml version="1.1" encoding="UTF-8"?>
<linked-hash-map>
  <entry>
    <string>2</string>
    <Tag plugin="workflow-support@976.vb_d9493c2eb_09">
      <node class="org.jenkinsci.plugins.workflow.graph.FlowStartNode" plugin="workflow-api@1382.veca_a_efe062fa_">
        <parentIds/>
        <id>2</id>
      </node>
      <actions>
        <wf.a.TimingAction plugin="workflow-api@1382.veca_a_efe062fa_">
          <startTime>1755010035728</startTime>
        </wf.a.TimingAction>
      </actions>
    </Tag>
  </entry>
  <entry>
    <string>3</string>
    <Tag plugin="workflow-support@976.vb_d9493c2eb_09">
      <node class="cps.n.StepStartNode" plugin="workflow-cps@4177.vb_203fe395445">
        <parentIds>
          <string>2</string>
        </parentIds>
        <id>3</id>
        <descriptorId>org.jenkinsci.plugins.workflow.support.steps.ExecutorStep</descriptorId>
      </node>
      <actions>
        <s.a.LogStorageAction/>
        <wf.a.TimingAction plugin="workflow-api@1382.veca_a_efe062fa_">
          <startTime>1755010036147</startTime>
        </wf.a.TimingAction>
        <org.jenkinsci.plugins.workflow.support.steps.ExecutorStepExecution_-QueueItemActionImpl plugin="workflow-durable-task-step@1446.v3efd13441220">
          <id>5</id>
        </org.jenkinsci.plugins.workflow.support.steps.ExecutorStepExecution_-QueueItemActionImpl>
        <s.a.WorkspaceActionImpl>
          <node></node>
          <path>/var/lib/jenkins/workspace/DOT503</path>
          <labels class="sorted-set"/>
        </s.a.WorkspaceActionImpl>
      </actions>
    </Tag>
  </entry>
  <entry>
    <string>4</string>
    <Tag plugin="workflow-support@976.vb_d9493c2eb_09">
      <node class="cps.n.StepStartNode" plugin="workflow-cps@4177.vb_203fe395445">
        <parentIds>
          <string>3</string>
        </parentIds>
        <id>4</id>
        <descriptorId>org.jenkinsci.plugins.workflow.support.steps.ExecutorStep</descriptorId>
      </node>
      <actions>
        <wf.a.BodyInvocationAction plugin="workflow-api@1382.veca_a_efe062fa_"/>
        <wf.a.TimingAction plugin="workflow-api@1382.veca_a_efe062fa_">
          <startTime>1755010036209</startTime>
        </wf.a.TimingAction>
      </actions>
    </Tag>
  </entry>
  <entry>
    <string>5</string>
    <Tag plugin="workflow-support@976.vb_d9493c2eb_09">
      <node class="cps.n.StepStartNode" plugin="workflow-cps@4177.vb_203fe395445">
        <parentIds>
          <string>4</string>
        </parentIds>
        <id>5</id>
        <descriptorId>org.jenkinsci.plugins.workflow.support.steps.StageStep</descriptorId>
      </node>
      <actions>
        <s.a.LogStorageAction/>
        <cps.a.ArgumentsActionImpl plugin="workflow-cps@4177.vb_203fe395445">
          <arguments>
            <entry>
              <string>name</string>
              <string>Declarative: Checkout SCM</string>
            </entry>
          </arguments>
          <sensitiveVariables/>
          <isUnmodifiedBySanitization>true</isUnmodifiedBySanitization>
        </cps.a.ArgumentsActionImpl>
        <wf.a.TimingAction plugin="workflow-api@1382.veca_a_efe062fa_">
          <startTime>1755010036277</startTime>
        </wf.a.TimingAction>
      </actions>
    </Tag>
  </entry>
  <entry>
    <string>6</string>
    <Tag plugin="workflow-support@976.vb_d9493c2eb_09">
      <node class="cps.n.StepStartNode" plugin="workflow-cps@4177.vb_203fe395445">
        <parentIds>
          <string>5</string>
        </parentIds>
        <id>6</id>
        <descriptorId>org.jenkinsci.plugins.workflow.support.steps.StageStep</descriptorId>
      </node>
      <actions>
        <wf.a.BodyInvocationAction plugin="workflow-api@1382.veca_a_efe062fa_"/>
        <wf.a.LabelAction plugin="workflow-api@1382.veca_a_efe062fa_">
          <displayName>Declarative: Checkout SCM</displayName>
        </wf.a.LabelAction>
        <wf.a.TimingAction plugin="workflow-api@1382.veca_a_efe062fa_">
          <startTime>1755010036289</startTime>
        </wf.a.TimingAction>
        <wf.a.TagsAction plugin="workflow-api@1382.veca_a_efe062fa_">
          <tags>
            <entry>
              <string>SYNTHETIC_STAGE</string>
              <string>PRE</string>
            </entry>
          </tags>
        </wf.a.TagsAction>
      </actions>
    </Tag>
  </entry>
  <entry>
    <string>7</string>
    <Tag plugin="workflow-support@976.vb_d9493c2eb_09">
      <node class="cps.n.StepAtomNode" plugin="workflow-cps@4177.vb_203fe395445">
        <parentIds>
          <string>6</string>
        </parentIds>
        <id>7</id>
        <descriptorId>org.jenkinsci.plugins.workflow.steps.scm.GenericSCMStep</descriptorId>
      </node>
      <actions>
        <cps.a.ArgumentsActionImpl plugin="workflow-cps@4177.vb_203fe395445">
          <arguments>
            <entry>
              <string>scm</string>
              <org.jenkinsci.plugins.structs.describable.UninstantiatedDescribable plugin="structs@353.v261ea_40a_80fb_">
                <symbol>scmGit</symbol>
                <arguments class="tree-map">
                  <entry>
                    <string>branches</string>
                    <list>
                      <org.jenkinsci.plugins.structs.describable.UninstantiatedDescribable>
                        <arguments class="tree-map">
                          <entry>
                            <string>name</string>
                            <string>*/main</string>
                          </entry>
                        </arguments>
                        <model resolves-to="org.jenkinsci.plugins.structs.describable.DescribableModel$SerializedForm">
                          <type>hudson.plugins.git.BranchSpec</type>
                        </model>
                      </org.jenkinsci.plugins.structs.describable.UninstantiatedDescribable>
                    </list>
                  </entry>
                  <entry>
                    <string>extensions</string>
                    <list/>
                  </entry>
                  <entry>
                    <string>userRemoteConfigs</string>
                    <list>
                      <org.jenkinsci.plugins.structs.describable.UninstantiatedDescribable>
                        <arguments class="tree-map">
                          <entry>
                            <string>url</string>
                            <string>https://github.com/kevgum/assignment.git</string>
                          </entry>
                        </arguments>
                        <model resolves-to="org.jenkinsci.plugins.structs.describable.DescribableModel$SerializedForm">
                          <type>hudson.plugins.git.UserRemoteConfig</type>
                        </model>
                      </org.jenkinsci.plugins.structs.describable.UninstantiatedDescribable>
                    </list>
                  </entry>
                </arguments>
                <model resolves-to="org.jenkinsci.plugins.structs.describable.DescribableModel$SerializedForm">
                  <type>hudson.plugins.git.GitSCM</type>
                </model>
              </org.jenkinsci.plugins.structs.describable.UninstantiatedDescribable>
            </entry>
          </arguments>
          <sensitiveVariables/>
          <isUnmodifiedBySanitization>true</isUnmodifiedBySanitization>
        </cps.a.ArgumentsActionImpl>
        <wf.a.TimingAction plugin="workflow-api@1382.veca_a_efe062fa_">
          <startTime>1755010036357</startTime>
        </wf.a.TimingAction>
        <s.a.LogStorageAction/>
      </actions>
    </Tag>
  </entry>
  <entry>
    <string>8</string>
    <Tag plugin="workflow-support@976.vb_d9493c2eb_09">
      <node class="cps.n.StepEndNode" plugin="workflow-cps@4177.vb_203fe395445">
        <parentIds>
          <string>7</string>
        </parentIds>
        <id>8</id>
        <startId>6</startId>
      </node>
      <actions>
        <wf.a.BodyInvocationAction plugin="workflow-api@1382.veca_a_efe062fa_"/>
        <wf.a.TimingAction plugin="workflow-api@1382.veca_a_efe062fa_">
          <startTime>1755010037556</startTime>
        </wf.a.TimingAction>
      </actions>
    </Tag>
  </entry>
  <entry>
    <string>9</string>
    <Tag plugin="workflow-support@976.vb_d9493c2eb_09">
      <node class="cps.n.StepEndNode" plugin="workflow-cps@4177.vb_203fe395445">
        <parentIds>
          <string>8</string>
        </parentIds>
        <id>9</id>
        <startId>5</startId>
      </node>
      <actions>
        <wf.a.TimingAction plugin="workflow-api@1382.veca_a_efe062fa_">
          <startTime>1755010037619</startTime>
        </wf.a.TimingAction>
      </actions>
    </Tag>
  </entry>
  <entry>
    <string>10</string>
    <Tag plugin="workflow-support@976.vb_d9493c2eb_09">
      <node class="cps.n.StepStartNode" plugin="workflow-cps@4177.vb_203fe395445">
        <parentIds>
          <string>9</string>
        </parentIds>
        <id>10</id>
        <descriptorId>org.jenkinsci.plugins.workflow.steps.EnvStep</descriptorId>
      </node>
      <actions>
        <s.a.LogStorageAction/>
        <cps.a.ArgumentsActionImpl plugin="workflow-cps@4177.vb_203fe395445">
          <arguments>
            <entry>
              <string>overrides</string>
              <list>
                <string>GIT_BRANCH=origin/main</string>
                <string>GIT_COMMIT=ffed72f364bc20450e8302da0f97b339bab10ea0</string>
                <string>GIT_PREVIOUS_COMMIT=ffed72f364bc20450e8302da0f97b339bab10ea0</string>
                <string>GIT_URL=https://github.com/kevgum/assignment.git</string>
              </list>
            </entry>
          </arguments>
          <sensitiveVariables/>
          <isUnmodifiedBySanitization>true</isUnmodifiedBySanitization>
        </cps.a.ArgumentsActionImpl>
        <wf.a.TimingAction plugin="workflow-api@1382.veca_a_efe062fa_">
          <startTime>1755010037678</startTime>
        </wf.a.TimingAction>
      </actions>
    </Tag>
  </entry>
  <entry>
    <string>11</string>
    <Tag plugin="workflow-support@976.vb_d9493c2eb_09">
      <node class="cps.n.StepStartNode" plugin="workflow-cps@4177.vb_203fe395445">
        <parentIds>
          <string>10</string>
        </parentIds>
        <id>11</id>
        <descriptorId>org.jenkinsci.plugins.workflow.steps.EnvStep</descriptorId>
      </node>
      <actions>
        <wf.a.BodyInvocationAction plugin="workflow-api@1382.veca_a_efe062fa_"/>
        <wf.a.TimingAction plugin="workflow-api@1382.veca_a_efe062fa_">
          <startTime>1755010037690</startTime>
        </wf.a.TimingAction>
      </actions>
    </Tag>
  </entry>
  <entry>
    <string>12</string>
    <Tag plugin="workflow-support@976.vb_d9493c2eb_09">
      <node class="cps.n.StepStartNode" plugin="workflow-cps@4177.vb_203fe395445">
        <parentIds>
          <string>11</string>
        </parentIds>
        <id>12</id>
        <descriptorId>org.jenkinsci.plugins.workflow.steps.EnvStep</descriptorId>
      </node>
      <actions>
        <s.a.LogStorageAction/>
        <cps.a.ArgumentsActionImpl plugin="workflow-cps@4177.vb_203fe395445">
          <arguments>
            <entry>
              <string>overrides</string>
              <list>
                <string>PIP_CACHE_DIR=/var/lib/jenkins/workspace/DOT503/.pip-cache</string>
                <string>PYTHON_VERSION=3.11</string>
              </list>
            </entry>
          </arguments>
          <sensitiveVariables/>
          <isUnmodifiedBySanitization>true</isUnmodifiedBySanitization>
        </cps.a.ArgumentsActionImpl>
        <wf.a.TimingAction plugin="workflow-api@1382.veca_a_efe062fa_">
          <startTime>1755010037777</startTime>
        </wf.a.TimingAction>
      </actions>
    </Tag>
  </entry>
  <entry>
    <string>13</string>
    <Tag plugin="workflow-support@976.vb_d9493c2eb_09">
      <node class="cps.n.StepStartNode" plugin="workflow-cps@4177.vb_203fe395445">
        <parentIds>
          <string>12</string>
        </parentIds>
        <id>13</id>
        <descriptorId>org.jenkinsci.plugins.workflow.steps.EnvStep</descriptorId>
      </node>
      <actions>
        <wf.a.BodyInvocationAction plugin="workflow-api@1382.veca_a_efe062fa_"/>
        <wf.a.TimingAction plugin="workflow-api@1382.veca_a_efe062fa_">
          <startTime>1755010037788</startTime>
        </wf.a.TimingAction>
      </actions>
    </Tag>
  </entry>
  <entry>
    <string>14</string>
    <Tag plugin="workflow-support@976.vb_d9493c2eb_09">
      <node class="cps.n.StepStartNode" plugin="workflow-cps@4177.vb_203fe395445">
        <parentIds>
          <string>13</string>
        </parentIds>
        <id>14</id>
        <descriptorId>org.jenkinsci.plugins.workflow.support.steps.StageStep</descriptorId>
      </node>
      <actions>
        <s.a.LogStorageAction/>
        <cps.a.ArgumentsActionImpl plugin="workflow-cps@4177.vb_203fe395445">
          <arguments>
            <entry>
              <string>name</string>
              <string>Checkout</string>
            </entry>
          </arguments>
          <sensitiveVariables/>
          <isUnmodifiedBySanitization>true</isUnmodifiedBySanitization>
        </cps.a.ArgumentsActionImpl>
        <wf.a.TimingAction plugin="workflow-api@1382.veca_a_efe062fa_">
          <startTime>1755010037881</startTime>
        </wf.a.TimingAction>
      </actions>
    </Tag>
  </entry>
  <entry>
    <string>15</string>
    <Tag plugin="workflow-support@976.vb_d9493c2eb_09">
      <node class="cps.n.StepStartNode" plugin="workflow-cps@4177.vb_203fe395445">
        <parentIds>
          <string>14</string>
        </parentIds>
        <id>15</id>
        <descriptorId>org.jenkinsci.plugins.workflow.support.steps.StageStep</descriptorId>
      </node>
      <actions>
        <wf.a.BodyInvocationAction plugin="workflow-api@1382.veca_a_efe062fa_"/>
        <wf.a.LabelAction plugin="workflow-api@1382.veca_a_efe062fa_">
          <displayName>Checkout</displayName>
        </wf.a.LabelAction>
        <wf.a.TimingAction plugin="workflow-api@1382.veca_a_efe062fa_">
          <startTime>1755010037908</startTime>
        </wf.a.TimingAction>
      </actions>
    </Tag>
  </entry>
  <entry>
    <string>16</string>
    <Tag plugin="workflow-support@976.vb_d9493c2eb_09">
      <node class="cps.n.StepAtomNode" plugin="workflow-cps@4177.vb_203fe395445">
        <parentIds>
          <string>15</string>
        </parentIds>
        <id>16</id>
        <descriptorId>org.jenkinsci.plugins.workflow.steps.EchoStep</descriptorId>
      </node>
      <actions>
        <cps.a.ArgumentsActionImpl plugin="workflow-cps@4177.vb_203fe395445">
          <arguments>
            <entry>
              <string>message</string>
              <string>Checking out source code...</string>
            </entry>
          </arguments>
          <sensitiveVariables/>
          <isUnmodifiedBySanitization>true</isUnmodifiedBySanitization>
        </cps.a.ArgumentsActionImpl>
        <wf.a.TimingAction plugin="workflow-api@1382.veca_a_efe062fa_">
          <startTime>1755010037982</startTime>
        </wf.a.TimingAction>
        <s.a.LogStorageAction/>
      </actions>
    </Tag>
  </entry>
  <entry>
    <string>17</string>
    <Tag plugin="workflow-support@976.vb_d9493c2eb_09">
      <node class="cps.n.StepAtomNode" plugin="workflow-cps@4177.vb_203fe395445">
        <parentIds>
          <string>16</string>
        </parentIds>
        <id>17</id>
        <descriptorId>org.jenkinsci.plugins.workflow.steps.scm.GenericSCMStep</descriptorId>
      </node>
      <actions>
        <cps.a.ArgumentsActionImpl plugin="workflow-cps@4177.vb_203fe395445">
          <arguments>
            <entry>
              <string>scm</string>
              <org.jenkinsci.plugins.structs.describable.UninstantiatedDescribable plugin="structs@353.v261ea_40a_80fb_">
                <symbol>scmGit</symbol>
                <arguments class="tree-map">
                  <entry>
                    <string>branches</string>
                    <list>
                      <org.jenkinsci.plugins.structs.describable.UninstantiatedDescribable>
                        <arguments class="tree-map">
                          <entry>
                            <string>name</string>
                            <string>*/main</string>
                          </entry>
                        </arguments>
                        <model resolves-to="org.jenkinsci.plugins.structs.describable.DescribableModel$SerializedForm">
                          <type>hudson.plugins.git.BranchSpec</type>
                        </model>
                      </org.jenkinsci.plugins.structs.describable.UninstantiatedDescribable>
                    </list>
                  </entry>
                  <entry>
                    <string>extensions</string>
                    <list/>
                  </entry>
                  <entry>
                    <string>userRemoteConfigs</string>
                    <list>
                      <org.jenkinsci.plugins.structs.describable.UninstantiatedDescribable>
                        <arguments class="tree-map">
                          <entry>
                            <string>url</string>
                            <string>https://github.com/kevgum/assignment.git</string>
                          </entry>
                        </arguments>
                        <model resolves-to="org.jenkinsci.plugins.structs.describable.DescribableModel$SerializedForm">
                          <type>hudson.plugins.git.UserRemoteConfig</type>
                        </model>
                      </org.jenkinsci.plugins.structs.describable.UninstantiatedDescribable>
                    </list>
                  </entry>
                </arguments>
                <model reference="../../../../../../../../entry[6]/Tag/actions/cps.a.ArgumentsActionImpl/arguments/entry/org.jenkinsci.plugins.structs.describable.UninstantiatedDescribable/model"/>
              </org.jenkinsci.plugins.structs.describable.UninstantiatedDescribable>
            </entry>
          </arguments>
          <sensitiveVariables/>
          <isUnmodifiedBySanitization>true</isUnmodifiedBySanitization>
        </cps.a.ArgumentsActionImpl>
        <wf.a.TimingAction plugin="workflow-api@1382.veca_a_efe062fa_">
          <startTime>1755010038017</startTime>
        </wf.a.TimingAction>
        <s.a.LogStorageAction/>
      </actions>
    </Tag>
  </entry>
  <entry>
    <string>18</string>
    <Tag plugin="workflow-support@976.vb_d9493c2eb_09">
      <node class="cps.n.StepEndNode" plugin="workflow-cps@4177.vb_203fe395445">
        <parentIds>
          <string>17</string>
        </parentIds>
        <id>18</id>
        <startId>15</startId>
      </node>
      <actions>
        <wf.a.BodyInvocationAction plugin="workflow-api@1382.veca_a_efe062fa_"/>
        <wf.a.TimingAction plugin="workflow-api@1382.veca_a_efe062fa_">
          <startTime>1755010039079</startTime>
        </wf.a.TimingAction>
      </actions>
    </Tag>
  </entry>
  <entry>
    <string>19</string>
    <Tag plugin="workflow-support@976.vb_d9493c2eb_09">
      <node class="cps.n.StepEndNode" plugin="workflow-cps@4177.vb_203fe395445">
        <parentIds>
          <string>18</string>
        </parentIds>
        <id>19</id>
        <startId>14</startId>
      </node>
      <actions>
        <wf.a.TimingAction plugin="workflow-api@1382.veca_a_efe062fa_">
          <startTime>1755010039127</startTime>
        </wf.a.TimingAction>
      </actions>
    </Tag>
  </entry>
  <entry>
    <string>20</string>
    <Tag plugin="workflow-support@976.vb_d9493c2eb_09">
      <node class="cps.n.StepStartNode" plugin="workflow-cps@4177.vb_203fe395445">
        <parentIds>
          <string>19</string>
        </parentIds>
        <id>20</id>
        <descriptorId>org.jenkinsci.plugins.workflow.support.steps.StageStep</descriptorId>
      </node>
      <actions>
        <s.a.LogStorageAction/>
        <cps.a.ArgumentsActionImpl plugin="workflow-cps@4177.vb_203fe395445">
          <arguments>
            <entry>
              <string>name</string>
              <string>Setup Environment</string>
            </entry>
          </arguments>
          <sensitiveVariables/>
          <isUnmodifiedBySanitization>true</isUnmodifiedBySanitization>
        </cps.a.ArgumentsActionImpl>
        <wf.a.TimingAction plugin="workflow-api@1382.veca_a_efe062fa_">
          <startTime>1755010039172</startTime>
        </wf.a.TimingAction>
      </actions>
    </Tag>
  </entry>
  <entry>
    <string>21</string>
    <Tag plugin="workflow-support@976.vb_d9493c2eb_09">
      <node class="cps.n.StepStartNode" plugin="workflow-cps@4177.vb_203fe395445">
        <parentIds>
          <string>20</string>
        </parentIds>
        <id>21</id>
        <descriptorId>org.jenkinsci.plugins.workflow.support.steps.StageStep</descriptorId>
      </node>
      <actions>
        <wf.a.BodyInvocationAction plugin="workflow-api@1382.veca_a_efe062fa_"/>
        <wf.a.LabelAction plugin="workflow-api@1382.veca_a_efe062fa_">
          <displayName>Setup Environment</displayName>
        </wf.a.LabelAction>
        <wf.a.TimingAction plugin="workflow-api@1382.veca_a_efe062fa_">
          <startTime>1755010039183</startTime>
        </wf.a.TimingAction>
      </actions>
    </Tag>
  </entry>
  <entry>
    <string>22</string>
    <Tag plugin="workflow-support@976.vb_d9493c2eb_09">
      <node class="cps.n.StepAtomNode" plugin="workflow-cps@4177.vb_203fe395445">
        <parentIds>
          <string>21</string>
        </parentIds>
        <id>22</id>
        <descriptorId>org.jenkinsci.plugins.workflow.steps.EchoStep</descriptorId>
      </node>
      <actions>
        <cps.a.ArgumentsActionImpl plugin="workflow-cps@4177.vb_203fe395445">
          <arguments>
            <entry>
              <string>message</string>
              <string>Setting up Python environment...</string>
            </entry>
          </arguments>
          <sensitiveVariables/>
          <isUnmodifiedBySanitization>true</isUnmodifiedBySanitization>
        </cps.a.ArgumentsActionImpl>
        <wf.a.TimingAction plugin="workflow-api@1382.veca_a_efe062fa_">
          <startTime>1755010039240</startTime>
        </wf.a.TimingAction>
        <s.a.LogStorageAction/>
      </actions>
    </Tag>
  </entry>
  <entry>
    <string>23</string>
    <Tag plugin="workflow-support@976.vb_d9493c2eb_09">
      <node class="cps.n.StepStartNode" plugin="workflow-cps@4177.vb_203fe395445">
        <parentIds>
          <string>22</string>
        </parentIds>
        <id>23</id>
        <descriptorId>org.jenkinsci.plugins.pipeline.modeldefinition.steps.ScriptStep</descriptorId>
      </node>
      <actions>
        <s.a.LogStorageAction/>
        <wf.a.TimingAction plugin="workflow-api@1382.veca_a_efe062fa_">
          <startTime>1755010039271</startTime>
        </wf.a.TimingAction>
      </actions>
    </Tag>
  </entry>
  <entry>
    <string>24</string>
    <Tag plugin="workflow-support@976.vb_d9493c2eb_09">
      <node class="cps.n.StepStartNode" plugin="workflow-cps@4177.vb_203fe395445">
        <parentIds>
          <string>23</string>
        </parentIds>
        <id>24</id>
        <descriptorId>org.jenkinsci.plugins.pipeline.modeldefinition.steps.ScriptStep</descriptorId>
      </node>
      <actions>
        <wf.a.BodyInvocationAction plugin="workflow-api@1382.veca_a_efe062fa_"/>
        <wf.a.TimingAction plugin="workflow-api@1382.veca_a_efe062fa_">
          <startTime>1755010039287</startTime>
        </wf.a.TimingAction>
      </actions>
    </Tag>
  </entry>
  <entry>
    <string>25</string>
    <Tag plugin="workflow-support@976.vb_d9493c2eb_09">
      <node class="cps.n.StepAtomNode" plugin="workflow-cps@4177.vb_203fe395445">
        <parentIds>
          <string>24</string>
        </parentIds>
        <id>25</id>
        <descriptorId>org.jenkinsci.plugins.workflow.steps.IsUnixStep</descriptorId>
      </node>
      <actions>
        <wf.a.TimingAction plugin="workflow-api@1382.veca_a_efe062fa_">
          <startTime>1755010039328</startTime>
        </wf.a.TimingAction>
        <s.a.LogStorageAction/>
      </actions>
    </Tag>
  </entry>
  <entry>
    <string>26</string>
    <Tag plugin="workflow-support@976.vb_d9493c2eb_09">
      <node class="cps.n.StepAtomNode" plugin="workflow-cps@4177.vb_203fe395445">
        <parentIds>
          <string>25</string>
        </parentIds>
        <id>26</id>
        <descriptorId>org.jenkinsci.plugins.workflow.steps.durable_task.ShellStep</descriptorId>
      </node>
      <actions>
        <cps.a.ArgumentsActionImpl plugin="workflow-cps@4177.vb_203fe395445">
          <arguments>
            <entry>
              <string>script</string>
              <string>
                            python3 --version
                            # Install pip if not available
                            if ! command -v pip3 &amp;&gt; /dev/null; then
                                echo &quot;Installing pip3...&quot;
                                sudo dnf install -y python3-pip
                            fi
                            pip3 --version
                            pip3 install --user -r requirements.txt
                        </string>
            </entry>
          </arguments>
          <sensitiveVariables/>
          <isUnmodifiedBySanitization>true</isUnmodifiedBySanitization>
        </cps.a.ArgumentsActionImpl>
        <wf.a.TimingAction plugin="workflow-api@1382.veca_a_efe062fa_">
          <startTime>1755010039357</startTime>
        </wf.a.TimingAction>
        <s.a.LogStorageAction/>
      </actions>
    </Tag>
  </entry>
  <entry>
    <string>27</string>
    <Tag plugin="workflow-support@976.vb_d9493c2eb_09">
      <node class="cps.n.StepEndNode" plugin="workflow-cps@4177.vb_203fe395445">
        <parentIds>
          <string>26</string>
        </parentIds>
        <id>27</id>
        <startId>24</startId>
      </node>
      <actions>
        <wf.a.BodyInvocationAction plugin="workflow-api@1382.veca_a_efe062fa_"/>
        <wf.a.TimingAction plugin="workflow-api@1382.veca_a_efe062fa_">
          <startTime>1755010041046</startTime>
        </wf.a.TimingAction>
      </actions>
    </Tag>
  </entry>
  <entry>
    <string>28</string>
    <Tag plugin="workflow-support@976.vb_d9493c2eb_09">
      <node class="cps.n.StepEndNode" plugin="workflow-cps@4177.vb_203fe395445">
        <parentIds>
          <string>27</string>
        </parentIds>
        <id>28</id>
        <startId>23</startId>
      </node>
      <actions>
        <wf.a.TimingAction plugin="workflow-api@1382.veca_a_efe062fa_">
          <startTime>1755010041113</startTime>
        </wf.a.TimingAction>
      </actions>
    </Tag>
  </entry>
  <entry>
    <string>29</string>
    <Tag plugin="workflow-support@976.vb_d9493c2eb_09">
      <node class="cps.n.StepEndNode" plugin="workflow-cps@4177.vb_203fe395445">
        <parentIds>
          <string>28</string>
        </parentIds>
        <id>29</id>
        <startId>21</startId>
      </node>
      <actions>
        <wf.a.BodyInvocationAction plugin="workflow-api@1382.veca_a_efe062fa_"/>
        <wf.a.TimingAction plugin="workflow-api@1382.veca_a_efe062fa_">
          <startTime>1755010041138</startTime>
        </wf.a.TimingAction>
      </actions>
    </Tag>
  </entry>
  <entry>
    <string>30</string>
    <Tag plugin="workflow-support@976.vb_d9493c2eb_09">
      <node class="cps.n.StepEndNode" plugin="workflow-cps@4177.vb_203fe395445">
        <parentIds>
          <string>29</string>
        </parentIds>
        <id>30</id>
        <startId>20</startId>
      </node>
      <actions>
        <wf.a.TimingAction plugin="workflow-api@1382.veca_a_efe062fa_">
          <startTime>1755010041190</startTime>
        </wf.a.TimingAction>
      </actions>
    </Tag>
  </entry>
  <entry>
    <string>31</string>
    <Tag plugin="workflow-support@976.vb_d9493c2eb_09">
      <node class="cps.n.StepStartNode" plugin="workflow-cps@4177.vb_203fe395445">
        <parentIds>
          <string>30</string>
        </parentIds>
        <id>31</id>
        <descriptorId>org.jenkinsci.plugins.workflow.support.steps.StageStep</descriptorId>
      </node>
      <actions>
        <s.a.LogStorageAction/>
        <cps.a.ArgumentsActionImpl plugin="workflow-cps@4177.vb_203fe395445">
          <arguments>
            <entry>
              <string>name</string>
              <string>Compile</string>
            </entry>
          </arguments>
          <sensitiveVariables/>
          <isUnmodifiedBySanitization>true</isUnmodifiedBySanitization>
        </cps.a.ArgumentsActionImpl>
        <wf.a.TimingAction plugin="workflow-api@1382.veca_a_efe062fa_">
          <startTime>1755010041235</startTime>
        </wf.a.TimingAction>
      </actions>
    </Tag>
  </entry>
  <entry>
    <string>32</string>
    <Tag plugin="workflow-support@976.vb_d9493c2eb_09">
      <node class="cps.n.StepStartNode" plugin="workflow-cps@4177.vb_203fe395445">
        <parentIds>
          <string>31</string>
        </parentIds>
        <id>32</id>
        <descriptorId>org.jenkinsci.plugins.workflow.support.steps.StageStep</descriptorId>
      </node>
      <actions>
        <wf.a.BodyInvocationAction plugin="workflow-api@1382.veca_a_efe062fa_"/>
        <wf.a.LabelAction plugin="workflow-api@1382.veca_a_efe062fa_">
          <displayName>Compile</displayName>
        </wf.a.LabelAction>
        <wf.a.TimingAction plugin="workflow-api@1382.veca_a_efe062fa_">
          <startTime>1755010041246</startTime>
        </wf.a.TimingAction>
      </actions>
    </Tag>
  </entry>
  <entry>
    <string>33</string>
    <Tag plugin="workflow-support@976.vb_d9493c2eb_09">
      <node class="cps.n.StepAtomNode" plugin="workflow-cps@4177.vb_203fe395445">
        <parentIds>
          <string>32</string>
        </parentIds>
        <id>33</id>
        <descriptorId>org.jenkinsci.plugins.workflow.steps.EchoStep</descriptorId>
      </node>
      <actions>
        <cps.a.ArgumentsActionImpl plugin="workflow-cps@4177.vb_203fe395445">
          <arguments>
            <entry>
              <string>message</string>
              <string>Compiling Python code...</string>
            </entry>
          </arguments>
          <sensitiveVariables/>
          <isUnmodifiedBySanitization>true</isUnmodifiedBySanitization>
        </cps.a.ArgumentsActionImpl>
        <wf.a.TimingAction plugin="workflow-api@1382.veca_a_efe062fa_">
          <startTime>1755010041307</startTime>
        </wf.a.TimingAction>
        <s.a.LogStorageAction/>
      </actions>
    </Tag>
  </entry>
  <entry>
    <string>34</string>
    <Tag plugin="workflow-support@976.vb_d9493c2eb_09">
      <node class="cps.n.StepStartNode" plugin="workflow-cps@4177.vb_203fe395445">
        <parentIds>
          <string>33</string>
        </parentIds>
        <id>34</id>
        <descriptorId>org.jenkinsci.plugins.pipeline.modeldefinition.steps.ScriptStep</descriptorId>
      </node>
      <actions>
        <s.a.LogStorageAction/>
        <wf.a.TimingAction plugin="workflow-api@1382.veca_a_efe062fa_">
          <startTime>1755010041337</startTime>
        </wf.a.TimingAction>
      </actions>
    </Tag>
  </entry>
  <entry>
    <string>35</string>
    <Tag plugin="workflow-support@976.vb_d9493c2eb_09">
      <node class="cps.n.StepStartNode" plugin="workflow-cps@4177.vb_203fe395445">
        <parentIds>
          <string>34</string>
        </parentIds>
        <id>35</id>
        <descriptorId>org.jenkinsci.plugins.pipeline.modeldefinition.steps.ScriptStep</descriptorId>
      </node>
      <actions>
        <wf.a.BodyInvocationAction plugin="workflow-api@1382.veca_a_efe062fa_"/>
        <wf.a.TimingAction plugin="workflow-api@1382.veca_a_efe062fa_">
          <startTime>1755010041352</startTime>
        </wf.a.TimingAction>
      </actions>
    </Tag>
  </entry>
  <entry>
    <string>36</string>
    <Tag plugin="workflow-support@976.vb_d9493c2eb_09">
      <node class="cps.n.StepAtomNode" plugin="workflow-cps@4177.vb_203fe395445">
        <parentIds>
          <string>35</string>
        </parentIds>
        <id>36</id>
        <descriptorId>org.jenkinsci.plugins.workflow.steps.IsUnixStep</descriptorId>
      </node>
      <actions>
        <wf.a.TimingAction plugin="workflow-api@1382.veca_a_efe062fa_">
          <startTime>1755010041391</startTime>
        </wf.a.TimingAction>
        <s.a.LogStorageAction/>
      </actions>
    </Tag>
  </entry>
  <entry>
    <string>37</string>
    <Tag plugin="workflow-support@976.vb_d9493c2eb_09">
      <node class="cps.n.StepAtomNode" plugin="workflow-cps@4177.vb_203fe395445">
        <parentIds>
          <string>36</string>
        </parentIds>
        <id>37</id>
        <descriptorId>org.jenkinsci.plugins.workflow.steps.durable_task.ShellStep</descriptorId>
      </node>
      <actions>
        <cps.a.ArgumentsActionImpl plugin="workflow-cps@4177.vb_203fe395445">
          <arguments>
            <entry>
              <string>script</string>
              <string>
                            # Try Maven first, fallback to Python compilation
                            if command -v mvn &amp;&gt; /dev/null; then
                                echo &quot;Using Maven...&quot;
                                mvn clean compile
                            elif [ -f &quot;mvnw&quot; ]; then
                                echo &quot;Using Maven wrapper...&quot;
                                chmod +x ./mvnw
                                ./mvnw clean compile
                            else
                                echo &quot;Maven not available, using Python compilation...&quot;
                                python3 -m py_compile hotel.py
                                echo &quot;Python code compiled successfully&quot;
                            fi
                        </string>
            </entry>
          </arguments>
          <sensitiveVariables/>
          <isUnmodifiedBySanitization>true</isUnmodifiedBySanitization>
        </cps.a.ArgumentsActionImpl>
        <wf.a.TimingAction plugin="workflow-api@1382.veca_a_efe062fa_">
          <startTime>1755010041420</startTime>
        </wf.a.TimingAction>
        <s.a.LogStorageAction/>
      </actions>
    </Tag>
  </entry>
  <entry>
    <string>38</string>
    <Tag plugin="workflow-support@976.vb_d9493c2eb_09">
      <node class="cps.n.StepEndNode" plugin="workflow-cps@4177.vb_203fe395445">
        <parentIds>
          <string>37</string>
        </parentIds>
        <id>38</id>
        <startId>35</startId>
      </node>
      <actions>
        <wf.a.BodyInvocationAction plugin="workflow-api@1382.veca_a_efe062fa_"/>
        <wf.a.TimingAction plugin="workflow-api@1382.veca_a_efe062fa_">
          <startTime>1755010045666</startTime>
        </wf.a.TimingAction>
      </actions>
    </Tag>
  </entry>
  <entry>
    <string>39</string>
    <Tag plugin="workflow-support@976.vb_d9493c2eb_09">
      <node class="cps.n.StepEndNode" plugin="workflow-cps@4177.vb_203fe395445">
        <parentIds>
          <string>38</string>
        </parentIds>
        <id>39</id>
        <startId>34</startId>
      </node>
      <actions>
        <wf.a.TimingAction plugin="workflow-api@1382.veca_a_efe062fa_">
          <startTime>1755010045723</startTime>
        </wf.a.TimingAction>
      </actions>
    </Tag>
  </entry>
  <entry>
    <string>40</string>
    <Tag plugin="workflow-support@976.vb_d9493c2eb_09">
      <node class="cps.n.StepEndNode" plugin="workflow-cps@4177.vb_203fe395445">
        <parentIds>
          <string>39</string>
        </parentIds>
        <id>40</id>
        <startId>32</startId>
      </node>
      <actions>
        <wf.a.BodyInvocationAction plugin="workflow-api@1382.veca_a_efe062fa_"/>
        <wf.a.TimingAction plugin="workflow-api@1382.veca_a_efe062fa_">
          <startTime>1755010045749</startTime>
        </wf.a.TimingAction>
      </actions>
    </Tag>
  </entry>
  <entry>
    <string>41</string>
    <Tag plugin="workflow-support@976.vb_d9493c2eb_09">
      <node class="cps.n.StepEndNode" plugin="workflow-cps@4177.vb_203fe395445">
        <parentIds>
          <string>40</string>
        </parentIds>
        <id>41</id>
        <startId>31</startId>
      </node>
      <actions>
        <wf.a.TimingAction plugin="workflow-api@1382.veca_a_efe062fa_">
          <startTime>1755010045797</startTime>
        </wf.a.TimingAction>
      </actions>
    </Tag>
  </entry>
  <entry>
    <string>42</string>
    <Tag plugin="workflow-support@976.vb_d9493c2eb_09">
      <node class="cps.n.StepStartNode" plugin="workflow-cps@4177.vb_203fe395445">
        <parentIds>
          <string>41</string>
        </parentIds>
        <id>42</id>
        <descriptorId>org.jenkinsci.plugins.workflow.support.steps.StageStep</descriptorId>
      </node>
      <actions>
        <s.a.LogStorageAction/>
        <cps.a.ArgumentsActionImpl plugin="workflow-cps@4177.vb_203fe395445">
          <arguments>
            <entry>
              <string>name</string>
              <string>Test</string>
            </entry>
          </arguments>
          <sensitiveVariables/>
          <isUnmodifiedBySanitization>true</isUnmodifiedBySanitization>
        </cps.a.ArgumentsActionImpl>
        <wf.a.TimingAction plugin="workflow-api@1382.veca_a_efe062fa_">
          <startTime>1755010045845</startTime>
        </wf.a.TimingAction>
      </actions>
    </Tag>
  </entry>
  <entry>
    <string>43</string>
    <Tag plugin="workflow-support@976.vb_d9493c2eb_09">
      <node class="cps.n.StepStartNode" plugin="workflow-cps@4177.vb_203fe395445">
        <parentIds>
          <string>42</string>
        </parentIds>
        <id>43</id>
        <descriptorId>org.jenkinsci.plugins.workflow.support.steps.StageStep</descriptorId>
      </node>
      <actions>
        <wf.a.BodyInvocationAction plugin="workflow-api@1382.veca_a_efe062fa_"/>
        <wf.a.LabelAction plugin="workflow-api@1382.veca_a_efe062fa_">
          <displayName>Test</displayName>
        </wf.a.LabelAction>
        <wf.a.TimingAction plugin="workflow-api@1382.veca_a_efe062fa_">
          <startTime>1755010045857</startTime>
        </wf.a.TimingAction>
        <wf.a.TagsAction plugin="workflow-api@1382.veca_a_efe062fa_">
          <tags>
            <entry>
              <string>STAGE_STATUS</string>
              <string>FAILED_AND_CONTINUED</string>
            </entry>
          </tags>
        </wf.a.TagsAction>
      </actions>
    </Tag>
  </entry>
  <entry>
    <string>44</string>
    <Tag plugin="workflow-support@976.vb_d9493c2eb_09">
      <node class="cps.n.StepAtomNode" plugin="workflow-cps@4177.vb_203fe395445">
        <parentIds>
          <string>43</string>
        </parentIds>
        <id>44</id>
        <descriptorId>org.jenkinsci.plugins.workflow.steps.EchoStep</descriptorId>
      </node>
      <actions>
        <cps.a.ArgumentsActionImpl plugin="workflow-cps@4177.vb_203fe395445">
          <arguments>
            <entry>
              <string>message</string>
              <string>Running unit tests...</string>
            </entry>
          </arguments>
          <sensitiveVariables/>
          <isUnmodifiedBySanitization>true</isUnmodifiedBySanitization>
        </cps.a.ArgumentsActionImpl>
        <wf.a.TimingAction plugin="workflow-api@1382.veca_a_efe062fa_">
          <startTime>1755010045916</startTime>
        </wf.a.TimingAction>
        <s.a.LogStorageAction/>
      </actions>
    </Tag>
  </entry>
  <entry>
    <string>45</string>
    <Tag plugin="workflow-support@976.vb_d9493c2eb_09">
      <node class="cps.n.StepStartNode" plugin="workflow-cps@4177.vb_203fe395445">
        <parentIds>
          <string>44</string>
        </parentIds>
        <id>45</id>
        <descriptorId>org.jenkinsci.plugins.pipeline.modeldefinition.steps.ScriptStep</descriptorId>
      </node>
      <actions>
        <s.a.LogStorageAction/>
        <wf.a.TimingAction plugin="workflow-api@1382.veca_a_efe062fa_">
          <startTime>1755010045947</startTime>
        </wf.a.TimingAction>
      </actions>
    </Tag>
  </entry>
  <entry>
    <string>46</string>
    <Tag plugin="workflow-support@976.vb_d9493c2eb_09">
      <node class="cps.n.StepStartNode" plugin="workflow-cps@4177.vb_203fe395445">
        <parentIds>
          <string>45</string>
        </parentIds>
        <id>46</id>
        <descriptorId>org.jenkinsci.plugins.pipeline.modeldefinition.steps.ScriptStep</descriptorId>
      </node>
      <actions>
        <wf.a.BodyInvocationAction plugin="workflow-api@1382.veca_a_efe062fa_"/>
        <wf.a.TimingAction plugin="workflow-api@1382.veca_a_efe062fa_">
          <startTime>1755010045964</startTime>
        </wf.a.TimingAction>
      </actions>
    </Tag>
  </entry>
  <entry>
    <string>47</string>
    <Tag plugin="workflow-support@976.vb_d9493c2eb_09">
      <node class="cps.n.StepAtomNode" plugin="workflow-cps@4177.vb_203fe395445">
        <parentIds>
          <string>46</string>
        </parentIds>
        <id>47</id>
        <descriptorId>org.jenkinsci.plugins.workflow.steps.IsUnixStep</descriptorId>
      </node>
      <actions>
        <wf.a.TimingAction plugin="workflow-api@1382.veca_a_efe062fa_">
          <startTime>1755010046003</startTime>
        </wf.a.TimingAction>
        <s.a.LogStorageAction/>
      </actions>
    </Tag>
  </entry>
  <entry>
    <string>48</string>
    <Tag plugin="workflow-support@976.vb_d9493c2eb_09">
      <node class="cps.n.StepAtomNode" plugin="workflow-cps@4177.vb_203fe395445">
        <parentIds>
          <string>47</string>
        </parentIds>
        <id>48</id>
        <descriptorId>org.jenkinsci.plugins.workflow.steps.durable_task.ShellStep</descriptorId>
      </node>
      <actions>
        <cps.a.ArgumentsActionImpl plugin="workflow-cps@4177.vb_203fe395445">
          <arguments>
            <entry>
              <string>script</string>
              <string>
                            # Try Maven first, fallback to direct pytest
                            if command -v mvn &amp;&gt; /dev/null; then
                                echo &quot;Using Maven for testing...&quot;
                                mvn test
                            elif [ -f &quot;mvnw&quot; ]; then
                                echo &quot;Using Maven wrapper for testing...&quot;
                                ./mvnw test
                            else
                                echo &quot;Maven not available, using direct pytest...&quot;
                                mkdir -p target/surefire-reports
                                python3 -m pytest tests/ -v --tb=short --junitxml=target/surefire-reports/pytest-results.xml
                                echo &quot;Tests completed&quot;
                            fi
                        </string>
            </entry>
          </arguments>
          <sensitiveVariables/>
          <isUnmodifiedBySanitization>true</isUnmodifiedBySanitization>
        </cps.a.ArgumentsActionImpl>
        <wf.a.TimingAction plugin="workflow-api@1382.veca_a_efe062fa_">
          <startTime>1755010046034</startTime>
        </wf.a.TimingAction>
        <s.a.LogStorageAction/>
      </actions>
    </Tag>
  </entry>
  <entry>
    <string>49</string>
    <Tag plugin="workflow-support@976.vb_d9493c2eb_09">
      <node class="cps.n.StepEndNode" plugin="workflow-cps@4177.vb_203fe395445">
        <parentIds>
          <string>48</string>
        </parentIds>
        <id>49</id>
        <startId>46</startId>
      </node>
      <actions>
        <wf.a.BodyInvocationAction plugin="workflow-api@1382.veca_a_efe062fa_"/>
        <wf.a.TimingAction plugin="workflow-api@1382.veca_a_efe062fa_">
          <startTime>1755010050689</startTime>
        </wf.a.TimingAction>
      </actions>
    </Tag>
  </entry>
  <entry>
    <string>50</string>
    <Tag plugin="workflow-support@976.vb_d9493c2eb_09">
      <node class="cps.n.StepEndNode" plugin="workflow-cps@4177.vb_203fe395445">
        <parentIds>
          <string>49</string>
        </parentIds>
        <id>50</id>
        <startId>45</startId>
      </node>
      <actions>
        <wf.a.TimingAction plugin="workflow-api@1382.veca_a_efe062fa_">
          <startTime>1755010050741</startTime>
        </wf.a.TimingAction>
      </actions>
    </Tag>
  </entry>
  <entry>
    <string>51</string>
    <Tag plugin="workflow-support@976.vb_d9493c2eb_09">
      <node class="cps.n.StepEndNode" plugin="workflow-cps@4177.vb_203fe395445">
        <parentIds>
          <string>50</string>
        </parentIds>
        <id>51</id>
        <startId>43</startId>
      </node>
      <actions>
        <wf.a.BodyInvocationAction plugin="workflow-api@1382.veca_a_efe062fa_"/>
        <wf.a.TimingAction plugin="workflow-api@1382.veca_a_efe062fa_">
          <startTime>1755010050820</startTime>
        </wf.a.TimingAction>
        <wf.a.ErrorAction plugin="workflow-api@1382.veca_a_efe062fa_">
          <error class="java.lang.NoSuchMethodError">
            <detailMessage>No such DSL method &apos;publishTestResults&apos; found among steps [archive, bat, build, catchError, checkout, deleteDir, dir, echo, emailext, emailextrecipients, envVarsForTool, error, fileExists, findBuildScans, getContext, git, input, isUnix, junit, library, libraryResource, load, mail, milestone, node, parallel, powershell, properties, publishChecks, pwd, pwsh, readFile, readTrusted, resolveScm, retry, script, sh, sleep, stage, stash, step, timeout, timestamps, tm, tool, unarchive, unstable, unstash, validateDeclarativePipeline, waitForBuild, waitUntil, warnError, withChecks, withContext, withCredentials, withEnv, withGradle, wrap, writeFile, ws] or symbols [GitUsernamePassword, agent, all, allBranchesSame, allOf, always, ant, antFromApache, antOutcome, antTarget, any, anyOf, apiToken, apiTokenProperty, architecture, archiveArtifacts, artifactManager, assembla, authorInChangelog, authorizationMatrix, batchFile, bitbucket, bitbucketServer, booleanParam, branch, brokenBuildSuspects, brokenTestsSuspects, browser, buildButton, buildDiscarder, buildDiscarders, buildRetention, buildSingleRevisionOnly, buildUser, buildingTag, builtInNode, caseInsensitive, caseSensitive, certificate, cgit, changeRequest, changelog, changelogBase, changelogToBranch, changeset, checkoutOption, checkoutToSubdirectory, choice, choiceParam, cleanAfterCheckout, cleanBeforeCheckout, cleanWs, clock, cloneOption, command, computerRetentionCheckInterval, consoleUrlProvider, contributor, cps, credentials, cron, crumb, culprits, dark, darkSystem, default, defaultDisplayUrlProvider, defaultFolderConfiguration, defaultView, demand, developers, disableConcurrentBuilds, disableRestartFromStage, disableResume, discoverOtherRefs, discoverOtherRefsTrait, diskSpace, diskSpaceMonitor, downstream, dumb, durabilityHint, email-ext, envVars, envVarsFilter, environment, equals, experimentalFlags, expression, extendedEmailPublisher, file, fileParam, filePath, fingerprint, fingerprints, firstBuildChangelog, fisheye, frameOptions, freeStyle, freeStyleJob, fromScm, fromSource, git, gitBranchDiscovery, gitHooks, gitHubBranchDiscovery, gitHubBranchHeadAuthority, gitHubExcludeArchivedRepositories, gitHubExcludeForkedRepositories, gitHubExcludePrivateRepositories, gitHubExcludePublicRepositories, gitHubForkDiscovery, gitHubIgnoreDraftPullRequestFilter, gitHubPullRequestDiscovery, gitHubSshCheckout, gitHubTagDiscovery, gitHubTopicsFilter, gitHubTrustContributors, gitHubTrustEveryone, gitHubTrustNobody, gitHubTrustPermissions, gitLab, gitList, gitSCM, gitTagDiscovery, gitTool, gitUsernamePassword, gitWeb, gitblit, github, githubProjectProperty, githubPush, gitiles, gogs, gradle, group, headRegexFilter, headWildcardFilter, hyperlink, hyperlinkToModels, ignoreOnPush, inbound, inheriting, inheritingGlobal, installSource, isRestartedRun, jdk, jgit, jgitapache, jnlp, jobBuildDiscarder, jobName, junitTestResultStorage, kiln, label, lastDuration, lastFailure, lastGrantedAuthorities, lastStable, lastSuccess, legacy, legacySCM, lfs, list, local, localBranch, localBranchTrait, location, logRotator, loggedInUsersCanDoAnything, mailer, masterBuild, maven, maven3Mojos, mavenErrors, mavenGlobalConfig, mavenMojos, mavenWarnings, modernSCM, multiBranchProjectDisplayNaming, multibranch, myView, namedBranchesDifferent, node, nodeProperties, nonInheriting, none, nonresumable, not, organizationFolder, overrideIndexTriggers, paneStatus, parallelsAlwaysFailFast, parameters, password, pattern, perBuildTag, permanent, phabricator, pipeline, pipelineGraphView, pipelineTriggers, plainText, plugin, pollSCM, preserveStashes, previous, projectNamingStrategy, proxy, pruneStaleBranch, pruneStaleTag, pruneTags, queueItemAuthenticator, quietPeriod, rateLimit, rateLimitBuilds, recipients, redmine, refSpecs, remoteName, requestor, resourceRoot, responseTime, retainOnlyVariables, rhodeCode, run, runParam, sSHLauncher, schedule, scmGit, scmRetryCount, scriptApproval, scriptApprovalLink, search, security, shell, simpleBuildDiscarder, skipDefaultCheckout, skipStagesAfterUnstable, slave, sourceRegexFilter, sourceWildcardFilter, sparseCheckout, sparseCheckoutPaths, ssh, sshUserPrivateKey, standard, status, string, stringParam, submodule, submoduleOption, suppressAutomaticTriggering, suppressFolderAutomaticTriggering, swapSpace, tag, teamFoundation, teamSlugFilter, text, textParam, themeManager, timestamper, timestamperConfig, timezone, tmpSpace, toolLocation, triggeredBy, unsecured, untrusted, upstream, upstreamDevelopers, user, userIdentity, userOrGroup, userSeed, usernameColonPassword, usernamePassword, viewgit, viewsTabBar, weather, withAnt, zip] or globals [currentBuild, env, params, pipeline, scm]</detailMessage>
            <stackTrace>
              <trace>PluginClassLoader for workflow-cps//org.jenkinsci.plugins.workflow.cps.DSL.invokeMethod(DSL.java:218)</trace>
              <trace>PluginClassLoader for workflow-cps//org.jenkinsci.plugins.workflow.cps.CpsScript.invokeMethod(CpsScript.java:124)</trace>
              <trace>java.base/jdk.internal.reflect.DirectMethodHandleAccessor.invoke(DirectMethodHandleAccessor.java:103)</trace>
              <trace>java.base/java.lang.reflect.Method.invoke(Method.java:580)</trace>
              <trace>org.codehaus.groovy.reflection.CachedMethod.invoke(CachedMethod.java:98)</trace>
              <trace>groovy.lang.MetaMethod.doMethodInvoke(MetaMethod.java:325)</trace>
              <trace>groovy.lang.MetaClassImpl.invokeMethod(MetaClassImpl.java:1225)</trace>
              <trace>groovy.lang.MetaClassImpl.invokeMethod(MetaClassImpl.java:1034)</trace>
              <trace>org.codehaus.groovy.runtime.callsite.PogoMetaClassSite.call(PogoMetaClassSite.java:41)</trace>
              <trace>org.codehaus.groovy.runtime.callsite.CallSiteArray.defaultCall(CallSiteArray.java:47)</trace>
              <trace>org.codehaus.groovy.runtime.callsite.AbstractCallSite.call(AbstractCallSite.java:116)</trace>
              <trace>PluginClassLoader for script-security//org.kohsuke.groovy.sandbox.impl.Checker$1.call(Checker.java:180)</trace>
              <trace>PluginClassLoader for script-security//org.kohsuke.groovy.sandbox.GroovyInterceptor.onMethodCall(GroovyInterceptor.java:23)</trace>
              <trace>PluginClassLoader for script-security//org.jenkinsci.plugins.scriptsecurity.sandbox.groovy.SandboxInterceptor.onMethodCall(SandboxInterceptor.java:163)</trace>
              <trace>PluginClassLoader for script-security//org.kohsuke.groovy.sandbox.impl.Checker$1.call(Checker.java:178)</trace>
              <trace>PluginClassLoader for script-security//org.kohsuke.groovy.sandbox.impl.Checker.checkedCall(Checker.java:182)</trace>
              <trace>PluginClassLoader for script-security//org.kohsuke.groovy.sandbox.impl.Checker.checkedCall(Checker.java:152)</trace>
              <trace>PluginClassLoader for workflow-cps//com.cloudbees.groovy.cps.sandbox.SandboxInvoker.methodCall(SandboxInvoker.java:17)</trace>
              <trace>PluginClassLoader for workflow-cps//org.jenkinsci.plugins.workflow.cps.LoggingInvoker.methodCall(LoggingInvoker.java:118)</trace>
              <trace>WorkflowScript.run(WorkflowScript:133)</trace>
              <trace>org.jenkinsci.plugins.pipeline.modeldefinition.ModelInterpreter.delegateAndExecute(ModelInterpreter.groovy:139)</trace>
              <trace>org.jenkinsci.plugins.pipeline.modeldefinition.ModelInterpreter.runPostConditions(ModelInterpreter.groovy:728)</trace>
              <trace>org.jenkinsci.plugins.pipeline.modeldefinition.ModelInterpreter.catchRequiredContextForNode(ModelInterpreter.groovy:390)</trace>
              <trace>org.jenkinsci.plugins.pipeline.modeldefinition.ModelInterpreter.runPostConditions(ModelInterpreter.groovy:727)</trace>
              <trace>com.cloudbees.groovy.cps.CpsDefaultGroovyMethods.each(CpsDefaultGroovyMethods:2125)</trace>
              <trace>com.cloudbees.groovy.cps.CpsDefaultGroovyMethods.each(CpsDefaultGroovyMethods:2110)</trace>
              <trace>com.cloudbees.groovy.cps.CpsDefaultGroovyMethods.each(CpsDefaultGroovyMethods:2151)</trace>
              <trace>org.jenkinsci.plugins.pipeline.modeldefinition.ModelInterpreter.runPostConditions(ModelInterpreter.groovy:717)</trace>
              <trace>org.jenkinsci.plugins.pipeline.modeldefinition.ModelInterpreter.executeSingleStage(ModelInterpreter.groovy:644)</trace>
              <trace>org.jenkinsci.plugins.pipeline.modeldefinition.ModelInterpreter.evaluateStage(ModelInterpreter.groovy:292)</trace>
              <trace>org.jenkinsci.plugins.pipeline.modeldefinition.ModelInterpreter.toolsBlock(ModelInterpreter.groovy:521)</trace>
              <trace>org.jenkinsci.plugins.pipeline.modeldefinition.ModelInterpreter.evaluateStage(ModelInterpreter.groovy:280)</trace>
              <trace>org.jenkinsci.plugins.pipeline.modeldefinition.ModelInterpreter.withEnvBlock(ModelInterpreter.groovy:432)</trace>
              <trace>org.jenkinsci.plugins.pipeline.modeldefinition.ModelInterpreter.evaluateStage(ModelInterpreter.groovy:279)</trace>
              <trace>org.jenkinsci.plugins.pipeline.modeldefinition.ModelInterpreter.withCredentialsBlock(ModelInterpreter.groovy:464)</trace>
              <trace>org.jenkinsci.plugins.pipeline.modeldefinition.ModelInterpreter.evaluateStage(ModelInterpreter.groovy:278)</trace>
              <trace>org.jenkinsci.plugins.pipeline.modeldefinition.ModelInterpreter.inDeclarativeAgent(ModelInterpreter.groovy:561)</trace>
              <trace>org.jenkinsci.plugins.pipeline.modeldefinition.ModelInterpreter.evaluateStage(ModelInterpreter.groovy:276)</trace>
              <trace>org.jenkinsci.plugins.pipeline.modeldefinition.ModelInterpreter.stageInput(ModelInterpreter.groovy:354)</trace>
              <trace>org.jenkinsci.plugins.pipeline.modeldefinition.ModelInterpreter.evaluateStage(ModelInterpreter.groovy:265)</trace>
              <trace>org.jenkinsci.plugins.pipeline.modeldefinition.ModelInterpreter.inWrappers(ModelInterpreter.groovy:592)</trace>
              <trace>org.jenkinsci.plugins.pipeline.modeldefinition.ModelInterpreter.evaluateStage(ModelInterpreter.groovy:263)</trace>
              <trace>org.jenkinsci.plugins.pipeline.modeldefinition.ModelInterpreter.withEnvBlock(ModelInterpreter.groovy:432)</trace>
              <trace>org.jenkinsci.plugins.pipeline.modeldefinition.ModelInterpreter.evaluateStage(ModelInterpreter.groovy:258)</trace>
              <trace>___cps.transform___(Native Method)</trace>
              <trace>PluginClassLoader for workflow-cps//com.cloudbees.groovy.cps.impl.ContinuationGroup.methodCall(ContinuationGroup.java:90)</trace>
              <trace>PluginClassLoader for workflow-cps//com.cloudbees.groovy.cps.impl.FunctionCallBlock$ContinuationImpl.dispatchOrArg(FunctionCallBlock.java:114)</trace>
              <trace>PluginClassLoader for workflow-cps//com.cloudbees.groovy.cps.impl.FunctionCallBlock$ContinuationImpl.fixArg(FunctionCallBlock.java:83)</trace>
              <trace>java.base/jdk.internal.reflect.DirectMethodHandleAccessor.invoke(DirectMethodHandleAccessor.java:103)</trace>
              <trace>java.base/java.lang.reflect.Method.invoke(Method.java:580)</trace>
              <trace>PluginClassLoader for workflow-cps//com.cloudbees.groovy.cps.impl.ContinuationPtr$ContinuationImpl.receive(ContinuationPtr.java:72)</trace>
              <trace>PluginClassLoader for workflow-cps//com.cloudbees.groovy.cps.impl.CollectionLiteralBlock$ContinuationImpl.dispatch(CollectionLiteralBlock.java:55)</trace>
              <trace>PluginClassLoader for workflow-cps//com.cloudbees.groovy.cps.impl.CollectionLiteralBlock$ContinuationImpl.item(CollectionLiteralBlock.java:45)</trace>
              <trace>java.base/jdk.internal.reflect.DirectMethodHandleAccessor.invoke(DirectMethodHandleAccessor.java:103)</trace>
              <trace>java.base/java.lang.reflect.Method.invoke(Method.java:580)</trace>
              <trace>PluginClassLoader for workflow-cps//com.cloudbees.groovy.cps.impl.ContinuationPtr$ContinuationImpl.receive(ContinuationPtr.java:72)</trace>
              <trace>PluginClassLoader for workflow-cps//com.cloudbees.groovy.cps.impl.ConstantBlock.eval(ConstantBlock.java:21)</trace>
              <trace>PluginClassLoader for workflow-cps//com.cloudbees.groovy.cps.Next.step(Next.java:83)</trace>
              <trace>PluginClassLoader for workflow-cps//com.cloudbees.groovy.cps.Continuable.run0(Continuable.java:147)</trace>
              <trace>PluginClassLoader for workflow-cps//org.jenkinsci.plugins.workflow.cps.SandboxContinuable.access$001(SandboxContinuable.java:17)</trace>
              <trace>PluginClassLoader for workflow-cps//org.jenkinsci.plugins.workflow.cps.SandboxContinuable.run0(SandboxContinuable.java:49)</trace>
              <trace>PluginClassLoader for workflow-cps//org.jenkinsci.plugins.workflow.cps.CpsThread.runNextChunk(CpsThread.java:181)</trace>
              <trace>PluginClassLoader for workflow-cps//org.jenkinsci.plugins.workflow.cps.CpsThreadGroup.run(CpsThreadGroup.java:437)</trace>
              <trace>PluginClassLoader for workflow-cps//org.jenkinsci.plugins.workflow.cps.CpsThreadGroup$2.call(CpsThreadGroup.java:345)</trace>
              <trace>PluginClassLoader for workflow-cps//org.jenkinsci.plugins.workflow.cps.CpsThreadGroup$2.call(CpsThreadGroup.java:298)</trace>
              <trace>PluginClassLoader for workflow-cps//org.jenkinsci.plugins.workflow.cps.CpsVmExecutorService.lambda$wrap$4(CpsVmExecutorService.java:140)</trace>
              <trace>java.base/java.util.concurrent.FutureTask.run(FutureTask.java:317)</trace>
              <trace>hudson.remoting.SingleLaneExecutorService$1.run(SingleLaneExecutorService.java:139)</trace>
              <trace>jenkins.util.ContextResettingExecutorService$1.run(ContextResettingExecutorService.java:28)</trace>
              <trace>jenkins.security.ImpersonatingExecutorService$1.run(ImpersonatingExecutorService.java:68)</trace>
              <trace>jenkins.util.ErrorLoggingExecutorService.lambda$wrap$0(ErrorLoggingExecutorService.java:51)</trace>
              <trace>java.base/java.util.concurrent.Executors$RunnableAdapter.call(Executors.java:572)</trace>
              <trace>java.base/java.util.concurrent.FutureTask.run(FutureTask.java:317)</trace>
              <trace>java.base/java.util.concurrent.ThreadPoolExecutor.runWorker(ThreadPoolExecutor.java:1144)</trace>
              <trace>java.base/java.util.concurrent.ThreadPoolExecutor$Worker.run(ThreadPoolExecutor.java:642)</trace>
              <trace>PluginClassLoader for workflow-cps//org.jenkinsci.plugins.workflow.cps.CpsVmExecutorService$1.call(CpsVmExecutorService.java:53)</trace>
              <trace>PluginClassLoader for workflow-cps//org.jenkinsci.plugins.workflow.cps.CpsVmExecutorService$1.call(CpsVmExecutorService.java:50)</trace>
              <trace>org.codehaus.groovy.runtime.GroovyCategorySupport$ThreadCategoryInfo.use(GroovyCategorySupport.java:136)</trace>
              <trace>org.codehaus.groovy.runtime.GroovyCategorySupport.use(GroovyCategorySupport.java:275)</trace>
              <trace>PluginClassLoader for workflow-cps//org.jenkinsci.plugins.workflow.cps.CpsVmExecutorService.lambda$categoryThreadFactory$0(CpsVmExecutorService.java:50)</trace>
              <trace>java.base/java.lang.Thread.run(Thread.java:1583)</trace>
            </stackTrace>
            <suppressedExceptions>
              <wf.a.ErrorAction_-ErrorId>
                <stackTrace/>
                <suppressedExceptions class="empty-list"/>
                <uuid>b163b406-b8c3-4a64-9a63-9dad0151d7b7</uuid>
              </wf.a.ErrorAction_-ErrorId>
            </suppressedExceptions>
          </error>
        </wf.a.ErrorAction>
      </actions>
    </Tag>
  </entry>
  <entry>
    <string>52</string>
    <Tag plugin="workflow-support@976.vb_d9493c2eb_09">
      <node class="cps.n.StepEndNode" plugin="workflow-cps@4177.vb_203fe395445">
        <parentIds>
          <string>51</string>
        </parentIds>
        <id>52</id>
        <startId>42</startId>
      </node>
      <actions>
        <wf.a.TimingAction plugin="workflow-api@1382.veca_a_efe062fa_">
          <startTime>1755010050882</startTime>
        </wf.a.TimingAction>
        <wf.a.ErrorAction plugin="workflow-api@1382.veca_a_efe062fa_">
          <error class="java.lang.NoSuchMethodError" reference="../../../../../entry[50]/Tag/actions/wf.a.ErrorAction/error"/>
        </wf.a.ErrorAction>
      </actions>
    </Tag>
  </entry>
  <entry>
    <string>53</string>
    <Tag plugin="workflow-support@976.vb_d9493c2eb_09">
      <node class="cps.n.StepStartNode" plugin="workflow-cps@4177.vb_203fe395445">
        <parentIds>
          <string>52</string>
        </parentIds>
        <id>53</id>
        <descriptorId>org.jenkinsci.plugins.workflow.support.steps.StageStep</descriptorId>
      </node>
      <actions>
        <s.a.LogStorageAction/>
        <cps.a.ArgumentsActionImpl plugin="workflow-cps@4177.vb_203fe395445">
          <arguments>
            <entry>
              <string>name</string>
              <string>Package</string>
            </entry>
          </arguments>
          <sensitiveVariables/>
          <isUnmodifiedBySanitization>true</isUnmodifiedBySanitization>
        </cps.a.ArgumentsActionImpl>
        <wf.a.TimingAction plugin="workflow-api@1382.veca_a_efe062fa_">
          <startTime>1755010050940</startTime>
        </wf.a.TimingAction>
      </actions>
    </Tag>
  </entry>
  <entry>
    <string>54</string>
    <Tag plugin="workflow-support@976.vb_d9493c2eb_09">
      <node class="cps.n.StepStartNode" plugin="workflow-cps@4177.vb_203fe395445">
        <parentIds>
          <string>53</string>
        </parentIds>
        <id>54</id>
        <descriptorId>org.jenkinsci.plugins.workflow.support.steps.StageStep</descriptorId>
      </node>
      <actions>
        <wf.a.BodyInvocationAction plugin="workflow-api@1382.veca_a_efe062fa_"/>
        <wf.a.LabelAction plugin="workflow-api@1382.veca_a_efe062fa_">
          <displayName>Package</displayName>
        </wf.a.LabelAction>
        <wf.a.TimingAction plugin="workflow-api@1382.veca_a_efe062fa_">
          <startTime>1755010050951</startTime>
        </wf.a.TimingAction>
        <wf.a.TagsAction plugin="workflow-api@1382.veca_a_efe062fa_">
          <tags>
            <entry>
              <string>STAGE_STATUS</string>
              <string>SKIPPED_FOR_FAILURE</string>
            </entry>
          </tags>
        </wf.a.TagsAction>
      </actions>
    </Tag>
  </entry>
  <entry>
    <string>55</string>
    <Tag plugin="workflow-support@976.vb_d9493c2eb_09">
      <node class="cps.n.StepAtomNode" plugin="workflow-cps@4177.vb_203fe395445">
        <parentIds>
          <string>54</string>
        </parentIds>
        <id>55</id>
        <descriptorId>org.jenkinsci.plugins.workflow.steps.GetContextStep</descriptorId>
      </node>
      <actions>
        <cps.a.ArgumentsActionImpl plugin="workflow-cps@4177.vb_203fe395445">
          <arguments>
            <entry>
              <string>type</string>
              <wf.a.ArgumentsAction_-NotStoredReason>UNSERIALIZABLE</wf.a.ArgumentsAction_-NotStoredReason>
            </entry>
          </arguments>
          <sensitiveVariables/>
          <isUnmodifiedBySanitization>false</isUnmodifiedBySanitization>
        </cps.a.ArgumentsActionImpl>
        <wf.a.TimingAction plugin="workflow-api@1382.veca_a_efe062fa_">
          <startTime>1755010051009</startTime>
        </wf.a.TimingAction>
        <s.a.LogStorageAction/>
      </actions>
    </Tag>
  </entry>
  <entry>
    <string>56</string>
    <Tag plugin="workflow-support@976.vb_d9493c2eb_09">
      <node class="cps.n.StepEndNode" plugin="workflow-cps@4177.vb_203fe395445">
        <parentIds>
          <string>55</string>
        </parentIds>
        <id>56</id>
        <startId>54</startId>
      </node>
      <actions>
        <wf.a.BodyInvocationAction plugin="workflow-api@1382.veca_a_efe062fa_"/>
        <wf.a.TimingAction plugin="workflow-api@1382.veca_a_efe062fa_">
          <startTime>1755010051038</startTime>
        </wf.a.TimingAction>
        <wf.a.ErrorAction plugin="workflow-api@1382.veca_a_efe062fa_">
          <error class="java.lang.NoSuchMethodError" reference="../../../../../entry[50]/Tag/actions/wf.a.ErrorAction/error"/>
        </wf.a.ErrorAction>
      </actions>
    </Tag>
  </entry>
  <entry>
    <string>57</string>
    <Tag plugin="workflow-support@976.vb_d9493c2eb_09">
      <node class="cps.n.StepEndNode" plugin="workflow-cps@4177.vb_203fe395445">
        <parentIds>
          <string>56</string>
        </parentIds>
        <id>57</id>
        <startId>53</startId>
      </node>
      <actions>
        <wf.a.TimingAction plugin="workflow-api@1382.veca_a_efe062fa_">
          <startTime>1755010051095</startTime>
        </wf.a.TimingAction>
        <wf.a.ErrorAction plugin="workflow-api@1382.veca_a_efe062fa_">
          <error class="java.lang.NoSuchMethodError" reference="../../../../../entry[50]/Tag/actions/wf.a.ErrorAction/error"/>
        </wf.a.ErrorAction>
      </actions>
    </Tag>
  </entry>
  <entry>
    <string>58</string>
    <Tag plugin="workflow-support@976.vb_d9493c2eb_09">
      <node class="cps.n.StepStartNode" plugin="workflow-cps@4177.vb_203fe395445">
        <parentIds>
          <string>57</string>
        </parentIds>
        <id>58</id>
        <descriptorId>org.jenkinsci.plugins.workflow.support.steps.StageStep</descriptorId>
      </node>
      <actions>
        <s.a.LogStorageAction/>
        <cps.a.ArgumentsActionImpl plugin="workflow-cps@4177.vb_203fe395445">
          <arguments>
            <entry>
              <string>name</string>
              <string>Deploy Preparation</string>
            </entry>
          </arguments>
          <sensitiveVariables/>
          <isUnmodifiedBySanitization>true</isUnmodifiedBySanitization>
        </cps.a.ArgumentsActionImpl>
        <wf.a.TimingAction plugin="workflow-api@1382.veca_a_efe062fa_">
          <startTime>1755010051148</startTime>
        </wf.a.TimingAction>
      </actions>
    </Tag>
  </entry>
  <entry>
    <string>59</string>
    <Tag plugin="workflow-support@976.vb_d9493c2eb_09">
      <node class="cps.n.StepStartNode" plugin="workflow-cps@4177.vb_203fe395445">
        <parentIds>
          <string>58</string>
        </parentIds>
        <id>59</id>
        <descriptorId>org.jenkinsci.plugins.workflow.support.steps.StageStep</descriptorId>
      </node>
      <actions>
        <wf.a.BodyInvocationAction plugin="workflow-api@1382.veca_a_efe062fa_"/>
        <wf.a.LabelAction plugin="workflow-api@1382.veca_a_efe062fa_">
          <displayName>Deploy Preparation</displayName>
        </wf.a.LabelAction>
        <wf.a.TimingAction plugin="workflow-api@1382.veca_a_efe062fa_">
          <startTime>1755010051159</startTime>
        </wf.a.TimingAction>
        <wf.a.TagsAction plugin="workflow-api@1382.veca_a_efe062fa_">
          <tags>
            <entry>
              <string>STAGE_STATUS</string>
              <string>SKIPPED_FOR_FAILURE</string>
            </entry>
          </tags>
        </wf.a.TagsAction>
      </actions>
    </Tag>
  </entry>
  <entry>
    <string>60</string>
    <Tag plugin="workflow-support@976.vb_d9493c2eb_09">
      <node class="cps.n.StepAtomNode" plugin="workflow-cps@4177.vb_203fe395445">
        <parentIds>
          <string>59</string>
        </parentIds>
        <id>60</id>
        <descriptorId>org.jenkinsci.plugins.workflow.steps.GetContextStep</descriptorId>
      </node>
      <actions>
        <cps.a.ArgumentsActionImpl plugin="workflow-cps@4177.vb_203fe395445">
          <arguments>
            <entry>
              <string>type</string>
              <wf.a.ArgumentsAction_-NotStoredReason>UNSERIALIZABLE</wf.a.ArgumentsAction_-NotStoredReason>
            </entry>
          </arguments>
          <sensitiveVariables/>
          <isUnmodifiedBySanitization>false</isUnmodifiedBySanitization>
        </cps.a.ArgumentsActionImpl>
        <wf.a.TimingAction plugin="workflow-api@1382.veca_a_efe062fa_">
          <startTime>1755010051207</startTime>
        </wf.a.TimingAction>
        <s.a.LogStorageAction/>
      </actions>
    </Tag>
  </entry>
  <entry>
    <string>61</string>
    <Tag plugin="workflow-support@976.vb_d9493c2eb_09">
      <node class="cps.n.StepEndNode" plugin="workflow-cps@4177.vb_203fe395445">
        <parentIds>
          <string>60</string>
        </parentIds>
        <id>61</id>
        <startId>59</startId>
      </node>
      <actions>
        <wf.a.BodyInvocationAction plugin="workflow-api@1382.veca_a_efe062fa_"/>
        <wf.a.TimingAction plugin="workflow-api@1382.veca_a_efe062fa_">
          <startTime>1755010051235</startTime>
        </wf.a.TimingAction>
        <wf.a.ErrorAction plugin="workflow-api@1382.veca_a_efe062fa_">
          <error class="java.lang.NoSuchMethodError" reference="../../../../../entry[50]/Tag/actions/wf.a.ErrorAction/error"/>
        </wf.a.ErrorAction>
      </actions>
    </Tag>
  </entry>
  <entry>
    <string>62</string>
    <Tag plugin="workflow-support@976.vb_d9493c2eb_09">
      <node class="cps.n.StepEndNode" plugin="workflow-cps@4177.vb_203fe395445">
        <parentIds>
          <string>61</string>
        </parentIds>
        <id>62</id>
        <startId>58</startId>
      </node>
      <actions>
        <wf.a.TimingAction plugin="workflow-api@1382.veca_a_efe062fa_">
          <startTime>1755010051291</startTime>
        </wf.a.TimingAction>
        <wf.a.ErrorAction plugin="workflow-api@1382.veca_a_efe062fa_">
          <error class="java.lang.NoSuchMethodError" reference="../../../../../entry[50]/Tag/actions/wf.a.ErrorAction/error"/>
        </wf.a.ErrorAction>
      </actions>
    </Tag>
  </entry>
  <entry>
    <string>63</string>
    <Tag plugin="workflow-support@976.vb_d9493c2eb_09">
      <node class="cps.n.StepStartNode" plugin="workflow-cps@4177.vb_203fe395445">
        <parentIds>
          <string>62</string>
        </parentIds>
        <id>63</id>
        <descriptorId>org.jenkinsci.plugins.workflow.support.steps.StageStep</descriptorId>
      </node>
      <actions>
        <s.a.LogStorageAction/>
        <cps.a.ArgumentsActionImpl plugin="workflow-cps@4177.vb_203fe395445">
          <arguments>
            <entry>
              <string>name</string>
              <string>Declarative: Post Actions</string>
            </entry>
          </arguments>
          <sensitiveVariables/>
          <isUnmodifiedBySanitization>true</isUnmodifiedBySanitization>
        </cps.a.ArgumentsActionImpl>
        <wf.a.TimingAction plugin="workflow-api@1382.veca_a_efe062fa_">
          <startTime>1755010051344</startTime>
        </wf.a.TimingAction>
      </actions>
    </Tag>
  </entry>
  <entry>
    <string>64</string>
    <Tag plugin="workflow-support@976.vb_d9493c2eb_09">
      <node class="cps.n.StepStartNode" plugin="workflow-cps@4177.vb_203fe395445">
        <parentIds>
          <string>63</string>
        </parentIds>
        <id>64</id>
        <descriptorId>org.jenkinsci.plugins.workflow.support.steps.StageStep</descriptorId>
      </node>
      <actions>
        <wf.a.BodyInvocationAction plugin="workflow-api@1382.veca_a_efe062fa_"/>
        <wf.a.LabelAction plugin="workflow-api@1382.veca_a_efe062fa_">
          <displayName>Declarative: Post Actions</displayName>
        </wf.a.LabelAction>
        <wf.a.TimingAction plugin="workflow-api@1382.veca_a_efe062fa_">
          <startTime>1755010051354</startTime>
        </wf.a.TimingAction>
        <wf.a.TagsAction plugin="workflow-api@1382.veca_a_efe062fa_">
          <tags>
            <entry>
              <string>SYNTHETIC_STAGE</string>
              <string>POST</string>
            </entry>
          </tags>
        </wf.a.TagsAction>
      </actions>
    </Tag>
  </entry>
  <entry>
    <string>65</string>
    <Tag plugin="workflow-support@976.vb_d9493c2eb_09">
      <node class="cps.n.StepAtomNode" plugin="workflow-cps@4177.vb_203fe395445">
        <parentIds>
          <string>64</string>
        </parentIds>
        <id>65</id>
        <descriptorId>org.jenkinsci.plugins.workflow.steps.EchoStep</descriptorId>
      </node>
      <actions>
        <cps.a.ArgumentsActionImpl plugin="workflow-cps@4177.vb_203fe395445">
          <arguments>
            <entry>
              <string>message</string>
              <string>Pipeline execution completed.</string>
            </entry>
          </arguments>
          <sensitiveVariables/>
          <isUnmodifiedBySanitization>true</isUnmodifiedBySanitization>
        </cps.a.ArgumentsActionImpl>
        <wf.a.TimingAction plugin="workflow-api@1382.veca_a_efe062fa_">
          <startTime>1755010051408</startTime>
        </wf.a.TimingAction>
        <s.a.LogStorageAction/>
      </actions>
    </Tag>
  </entry>
  <entry>
    <string>66</string>
    <Tag plugin="workflow-support@976.vb_d9493c2eb_09">
      <node class="cps.n.StepAtomNode" plugin="workflow-cps@4177.vb_203fe395445">
        <parentIds>
          <string>65</string>
        </parentIds>
        <id>66</id>
        <descriptorId>org.jenkinsci.plugins.workflow.steps.CoreStep</descriptorId>
      </node>
      <actions>
        <cps.a.ArgumentsActionImpl plugin="workflow-cps@4177.vb_203fe395445">
          <arguments>
            <entry>
              <string>delegate</string>
              <org.jenkinsci.plugins.structs.describable.UninstantiatedDescribable plugin="structs@353.v261ea_40a_80fb_">
                <symbol>cleanWs</symbol>
                <arguments class="tree-map">
                  <entry>
                    <string>cleanWhenAborted</string>
                    <boolean>true</boolean>
                  </entry>
                  <entry>
                    <string>cleanWhenFailure</string>
                    <boolean>false</boolean>
                  </entry>
                  <entry>
                    <string>cleanWhenSuccess</string>
                    <boolean>true</boolean>
                  </entry>
                </arguments>
              </org.jenkinsci.plugins.structs.describable.UninstantiatedDescribable>
            </entry>
          </arguments>
          <sensitiveVariables/>
          <isUnmodifiedBySanitization>true</isUnmodifiedBySanitization>
        </cps.a.ArgumentsActionImpl>
        <wf.a.TimingAction plugin="workflow-api@1382.veca_a_efe062fa_">
          <startTime>1755010051437</startTime>
        </wf.a.TimingAction>
        <s.a.LogStorageAction/>
      </actions>
    </Tag>
  </entry>
  <entry>
    <string>67</string>
    <Tag plugin="workflow-support@976.vb_d9493c2eb_09">
      <node class="cps.n.StepAtomNode" plugin="workflow-cps@4177.vb_203fe395445">
        <parentIds>
          <string>66</string>
        </parentIds>
        <id>67</id>
        <descriptorId>org.jenkinsci.plugins.workflow.steps.EchoStep</descriptorId>
      </node>
      <actions>
        <cps.a.ArgumentsActionImpl plugin="workflow-cps@4177.vb_203fe395445">
          <arguments>
            <entry>
              <string>message</string>
              <string>Pipeline failed!</string>
            </entry>
          </arguments>
          <sensitiveVariables/>
          <isUnmodifiedBySanitization>true</isUnmodifiedBySanitization>
        </cps.a.ArgumentsActionImpl>
        <wf.a.TimingAction plugin="workflow-api@1382.veca_a_efe062fa_">
          <startTime>1755010051503</startTime>
        </wf.a.TimingAction>
        <s.a.LogStorageAction/>
      </actions>
    </Tag>
  </entry>
  <entry>
    <string>68</string>
    <Tag plugin="workflow-support@976.vb_d9493c2eb_09">
      <node class="cps.n.StepAtomNode" plugin="workflow-cps@4177.vb_203fe395445">
        <parentIds>
          <string>67</string>
        </parentIds>
        <id>68</id>
        <descriptorId>hudson.plugins.emailext.EmailExtStep</descriptorId>
      </node>
      <actions>
        <cps.a.ArgumentsActionImpl plugin="workflow-cps@4177.vb_203fe395445">
          <arguments>
            <entry>
              <string>to</string>
              <string>null</string>
            </entry>
            <entry>
              <string>body</string>
              <string>
                    Build failed for job DOT503.
                    Build Number: 3
                    Build URL: http://localhost:8080/job/DOT503/3/
                    
                    Please check the build logs for more details.
                </string>
            </entry>
            <entry>
              <string>attachLog</string>
              <boolean>true</boolean>
            </entry>
            <entry>
              <string>subject</string>
              <string>Jenkins Build Failed: DOT503 - 3</string>
            </entry>
          </arguments>
          <sensitiveVariables/>
          <isUnmodifiedBySanitization>true</isUnmodifiedBySanitization>
        </cps.a.ArgumentsActionImpl>
        <wf.a.TimingAction plugin="workflow-api@1382.veca_a_efe062fa_">
          <startTime>1755010051546</startTime>
        </wf.a.TimingAction>
        <s.a.LogStorageAction/>
      </actions>
    </Tag>
  </entry>
  <entry>
    <string>69</string>
    <Tag plugin="workflow-support@976.vb_d9493c2eb_09">
      <node class="cps.n.StepEndNode" plugin="workflow-cps@4177.vb_203fe395445">
        <parentIds>
          <string>68</string>
        </parentIds>
        <id>69</id>
        <startId>64</startId>
      </node>
      <actions>
        <wf.a.BodyInvocationAction plugin="workflow-api@1382.veca_a_efe062fa_"/>
        <wf.a.TimingAction plugin="workflow-api@1382.veca_a_efe062fa_">
          <startTime>1755010071584</startTime>
        </wf.a.TimingAction>
      </actions>
    </Tag>
  </entry>
  <entry>
    <string>70</string>
    <Tag plugin="workflow-support@976.vb_d9493c2eb_09">
      <node class="cps.n.StepEndNode" plugin="workflow-cps@4177.vb_203fe395445">
        <parentIds>
          <string>69</string>
        </parentIds>
        <id>70</id>
        <startId>63</startId>
      </node>
      <actions>
        <wf.a.TimingAction plugin="workflow-api@1382.veca_a_efe062fa_">
          <startTime>1755010071642</startTime>
        </wf.a.TimingAction>
      </actions>
    </Tag>
  </entry>
  <entry>
    <string>71</string>
    <Tag plugin="workflow-support@976.vb_d9493c2eb_09">
      <node class="cps.n.StepEndNode" plugin="workflow-cps@4177.vb_203fe395445">
        <parentIds>
          <string>70</string>
        </parentIds>
        <id>71</id>
        <startId>13</startId>
      </node>
      <actions>
        <wf.a.BodyInvocationAction plugin="workflow-api@1382.veca_a_efe062fa_"/>
        <wf.a.TimingAction plugin="workflow-api@1382.veca_a_efe062fa_">
          <startTime>1755010071664</startTime>
        </wf.a.TimingAction>
        <wf.a.ErrorAction plugin="workflow-api@1382.veca_a_efe062fa_">
          <error class="java.lang.NoSuchMethodError" reference="../../../../../entry[50]/Tag/actions/wf.a.ErrorAction/error"/>
        </wf.a.ErrorAction>
      </actions>
    </Tag>
  </entry>
  <entry>
    <string>72</string>
    <Tag plugin="workflow-support@976.vb_d9493c2eb_09">
      <node class="cps.n.StepEndNode" plugin="workflow-cps@4177.vb_203fe395445">
        <parentIds>
          <string>71</string>
        </parentIds>
        <id>72</id>
        <startId>12</startId>
      </node>
      <actions>
        <wf.a.TimingAction plugin="workflow-api@1382.veca_a_efe062fa_">
          <startTime>1755010071724</startTime>
        </wf.a.TimingAction>
        <wf.a.ErrorAction plugin="workflow-api@1382.veca_a_efe062fa_">
          <error class="java.lang.NoSuchMethodError" reference="../../../../../entry[50]/Tag/actions/wf.a.ErrorAction/error"/>
        </wf.a.ErrorAction>
      </actions>
    </Tag>
  </entry>
  <entry>
    <string>73</string>
    <Tag plugin="workflow-support@976.vb_d9493c2eb_09">
      <node class="cps.n.StepEndNode" plugin="workflow-cps@4177.vb_203fe395445">
        <parentIds>
          <string>72</string>
        </parentIds>
        <id>73</id>
        <startId>11</startId>
      </node>
      <actions>
        <wf.a.BodyInvocationAction plugin="workflow-api@1382.veca_a_efe062fa_"/>
        <wf.a.TimingAction plugin="workflow-api@1382.veca_a_efe062fa_">
          <startTime>1755010071757</startTime>
        </wf.a.TimingAction>
        <wf.a.ErrorAction plugin="workflow-api@1382.veca_a_efe062fa_">
          <error class="java.lang.NoSuchMethodError" reference="../../../../../entry[50]/Tag/actions/wf.a.ErrorAction/error"/>
        </wf.a.ErrorAction>
      </actions>
    </Tag>
  </entry>
  <entry>
    <string>74</string>
    <Tag plugin="workflow-support@976.vb_d9493c2eb_09">
      <node class="cps.n.StepEndNode" plugin="workflow-cps@4177.vb_203fe395445">
        <parentIds>
          <string>73</string>
        </parentIds>
        <id>74</id>
        <startId>10</startId>
      </node>
      <actions>
        <wf.a.TimingAction plugin="workflow-api@1382.veca_a_efe062fa_">
          <startTime>1755010071813</startTime>
        </wf.a.TimingAction>
        <wf.a.ErrorAction plugin="workflow-api@1382.veca_a_efe062fa_">
          <error class="java.lang.NoSuchMethodError" reference="../../../../../entry[50]/Tag/actions/wf.a.ErrorAction/error"/>
        </wf.a.ErrorAction>
      </actions>
    </Tag>
  </entry>
  <entry>
    <string>75</string>
    <Tag plugin="workflow-support@976.vb_d9493c2eb_09">
      <node class="cps.n.StepEndNode" plugin="workflow-cps@4177.vb_203fe395445">
        <parentIds>
          <string>74</string>
        </parentIds>
        <id>75</id>
        <startId>4</startId>
      </node>
      <actions>
        <wf.a.BodyInvocationAction plugin="workflow-api@1382.veca_a_efe062fa_"/>
        <wf.a.TimingAction plugin="workflow-api@1382.veca_a_efe062fa_">
          <startTime>1755010071846</startTime>
        </wf.a.TimingAction>
        <wf.a.ErrorAction plugin="workflow-api@1382.veca_a_efe062fa_">
          <error class="java.lang.NoSuchMethodError" reference="../../../../../entry[50]/Tag/actions/wf.a.ErrorAction/error"/>
        </wf.a.ErrorAction>
      </actions>
    </Tag>
  </entry>
  <entry>
    <string>76</string>
    <Tag plugin="workflow-support@976.vb_d9493c2eb_09">
      <node class="cps.n.StepEndNode" plugin="workflow-cps@4177.vb_203fe395445">
        <parentIds>
          <string>75</string>
        </parentIds>
        <id>76</id>
        <startId>3</startId>
      </node>
      <actions>
        <wf.a.TimingAction plugin="workflow-api@1382.veca_a_efe062fa_">
          <startTime>1755010071919</startTime>
        </wf.a.TimingAction>
        <wf.a.ErrorAction plugin="workflow-api@1382.veca_a_efe062fa_">
          <error class="java.lang.NoSuchMethodError" reference="../../../../../entry[50]/Tag/actions/wf.a.ErrorAction/error"/>
        </wf.a.ErrorAction>
        <wf.a.ErrorAction plugin="workflow-api@1382.veca_a_efe062fa_">
          <error class="java.lang.NoSuchMethodError" reference="../../../../../entry[50]/Tag/actions/wf.a.ErrorAction/error"/>
        </wf.a.ErrorAction>
      </actions>
    </Tag>
  </entry>
  <entry>
    <string>77</string>
    <Tag plugin="workflow-support@976.vb_d9493c2eb_09">
      <node class="org.jenkinsci.plugins.workflow.graph.FlowEndNode" plugin="workflow-api@1382.veca_a_efe062fa_">
        <parentIds>
          <string>76</string>
        </parentIds>
        <id>77</id>
        <startId>2</startId>
        <result>
          <name>FAILURE</name>
          <ordinal>2</ordinal>
          <color>RED</color>
          <completeBuild>true</completeBuild>
        </result>
      </node>
      <actions>
        <wf.a.ErrorAction plugin="workflow-api@1382.veca_a_efe062fa_">
          <error class="java.lang.NoSuchMethodError" reference="../../../../../entry[50]/Tag/actions/wf.a.ErrorAction/error"/>
        </wf.a.ErrorAction>
        <wf.a.TimingAction plugin="workflow-api@1382.veca_a_efe062fa_">
          <startTime>1755010071977</startTime>
        </wf.a.TimingAction>
      </actions>
    </Tag>
  </entry>
</linked-hash-map>